,Subject_ID,Age_Months,LanguageExpEng,LanguageExpFr,LanguageExpOther,Other_Lang,Lang_Group,Gender,Mat_Edu_Years,Dom_Lang,PROD_Dom,PROD_NonDom,PROD_NonDom_ANOVA,COMP_Dom,COMP_NonDom,COMP_NonDom_ANOVA,COMP_Eng,COMP_Fr,PROD_Eng,PROD_Fr,PROD_Total,COMP_Total,@2A1Eng,@2A2Eng,@2A3Eng,@2A4Eng,@2A5Eng,@2A6Eng,@2A7Eng,@2A8Eng,@2A9Eng,@2A10Eng,@2A11Eng,@2A12Eng,@2C1Eng,@2C2Eng,@2C3Eng,@2C4Eng,@2C5Eng,@2C6Eng,@2C7Eng,@2C8Eng,@2C9Eng,@2C10Eng,@2C11Eng,@2C12Eng,@2C13Eng,@2C14Eng,@2C15Eng,@2C16Eng,@2C17Eng,@2D1Eng,@2D2Eng,@2D3Eng,@2D4Eng,@2D5Eng,@2D6Eng,@2D7Eng,@2D8Eng,@2D9Eng,@2D10Eng,@2D11Eng,@2D12Eng,@2D13Eng,@2E1Eng,@2E2Eng,@2E3Eng,@2E4Eng,@2E5Eng,@2E6Eng,@2E7Eng,@2E8Eng,@2E9Eng,@2E10Eng,@2E11Eng,@2E12Eng,@2E13Eng,@2E14Eng,@2E15Eng,CDI_2_Lang,@2A1Fr,@2A2Fr,@2A3Fr,@2A4Fr,@2A5Fr,@2A6Fr,@2A7Fr,@2A8Fr,@2A9Fr,@2A10Fr,@2A11Fr,@2A12Fr,@2C1Fr,@2C2Fr,@2C3Fr,@2C4Fr,@2C5Fr,@2C6Fr,@2C7Fr,@2C8Fr,@2C9Fr,@2C10Fr,@2C11Fr,@2C12Fr,@2C13Fr,@2C14Fr,@2C15Fr,@2C16Fr,@2C17Fr,@2D1Fr,@2D2Fr,@2D3Fr,@2D4Fr,@2D5Fr,@2D6Fr,@2D7Fr,@2D8Fr,@2D9Fr,@2D10Fr,@2D11Fr,@2D12Fr,@2D13Fr,@2E1Fr,@2E2Fr,@2E3Fr,@2E4Fr,@2E5Fr,@2E6Fr,@2E7Fr,@2E8Fr,@2E9Fr,@2E10Fr,@2E11Fr,@2E12Fr,@2E13Fr,@2E14Fr,@2E15Fr,A_SUM,C_SUM,D_SUM,E_SUM,CDE_SUM,Tot_End
1,1,13.53,74.5,25.5,0,NA,Bilingual,M,18,EN,1,2,2,91,23,23,91,23,1,2,3,114,1,1,0,1,1,1,0,0,0,0,0,0,1,0,0,1,1,1,0,0,0,0,0,1,0,1,1,1,0,0,0,0,0,0,0,0,0,1,0,0,1,0,1,1,0,0,0,1,1,0,1,0,0,1,1,0,1,0,NA,NA,NA,NA,NA,NA,NA,NA,NA,NA,NA,NA,NA,NA,NA,NA,NA,NA,NA,NA,NA,NA,NA,NA,NA,NA,NA,NA,NA,NA,NA,NA,NA,NA,NA,NA,NA,NA,NA,NA,NA,NA,NA,NA,NA,NA,NA,NA,NA,NA,NA,NA,NA,NA,NA,NA,NA,5,8,2,8,18,40.35
2,2,14.74,0,100,0,NA,Monolingual,M,18,FR,4,NA,4,119,NA,119,NA,119,NA,4,4,119,NA,NA,NA,NA,NA,NA,NA,NA,NA,NA,NA,NA,NA,NA,NA,NA,NA,NA,NA,NA,NA,NA,NA,NA,NA,NA,NA,NA,NA,NA,NA,NA,NA,NA,NA,NA,NA,NA,NA,NA,NA,NA,NA,NA,NA,NA,NA,NA,NA,NA,NA,NA,NA,NA,NA,NA,NA,0,1,1,1,1,1,1,0,1,1,1,0,0,1,1,1,1,1,1,1,1,1,1,1,1,0,1,1,0,1,0,1,1,1,1,0,1,0,1,0,0,0,0,0,0,0,0,1,1,0,0,1,1,0,1,1,1,0,9,15,6,7,28,64.91
3,3,15.18,36.55,63.45,0,NA,Bilingual,M,18,FR,14,10,10,151,45,45,45,151,10,14,24,196,1,1,1,1,1,1,0,1,1,1,1,0,1,1,1,0,1,0,0,0,1,1,1,1,0,1,1,0,1,0,0,0,0,1,1,1,0,1,0,0,0,0,1,1,1,0,1,1,0,0,0,0,0,1,1,1,0,1,1,1,1,1,1,1,0,1,1,1,1,0,1,1,1,0,1,1,1,1,1,1,1,1,1,1,1,0,1,0,0,0,0,1,0,1,0,1,0,0,0,0,1,1,1,0,1,1,0,0,1,0,0,1,1,1,1,10,15,3,10,28,66.67
4,4,14.29,0,100,0,NA,Monolingual,M,11,FR,2,NA,2,177,NA,177,NA,177,NA,2,2,177,NA,NA,NA,NA,NA,NA,NA,NA,NA,NA,NA,NA,NA,NA,NA,NA,NA,NA,NA,NA,NA,NA,NA,NA,NA,NA,NA,NA,NA,NA,NA,NA,NA,NA,NA,NA,NA,NA,NA,NA,NA,NA,NA,NA,NA,NA,NA,NA,NA,NA,NA,NA,NA,NA,NA,NA,NA,0,1,1,1,1,1,0,0,0,1,0,0,0,1,1,1,1,1,1,1,1,0,0,0,1,1,1,1,0,0,1,0,0,0,0,0,1,0,1,0,0,0,0,1,1,1,0,1,1,0,0,0,1,0,1,1,0,1,6,12,3,9,24,52.63
5,5,14.48,2.5,90,7.5,Spanish,Monolingual,M,16,FR,7,NA,7,125,NA,125,NA,125,NA,7,7,125,NA,NA,NA,NA,NA,NA,NA,NA,NA,NA,NA,NA,NA,NA,NA,NA,NA,NA,NA,NA,NA,NA,NA,NA,NA,NA,NA,NA,NA,NA,NA,NA,NA,NA,NA,NA,NA,NA,NA,NA,NA,NA,NA,NA,NA,NA,NA,NA,NA,NA,NA,NA,NA,NA,NA,NA,NA,0,1,1,1,1,1,0,0,0,0,0,0,0,1,1,0,0,0,1,1,1,0,0,0,0,0,1,1,0,0,0,0,0,0,0,0,0,0,0,0,0,0,0,1,0,0,0,1,1,0,0,1,0,0,1,1,0,0,5,7,0,6,13,31.58
6,6,15.39,30.5,69.5,0,NA,Bilingual,F,16,FR,59,1,1,89,1,1,1,89,1,59,60,90,1,1,1,1,1,1,1,1,1,1,1,1,1,1,1,1,1,1,1,1,1,1,1,1,1,1,1,1,1,1,1,1,1,0,1,1,1,1,1,1,1,0,1,0,1,0,1,1,1,1,1,0,1,1,1,1,1,1,1,1,1,1,1,1,1,1,0,1,1,0,1,1,1,1,1,1,1,1,1,1,0,1,1,1,1,0,1,1,1,1,1,1,0,1,1,1,1,1,0,0,1,1,0,0,1,1,1,1,1,0,1,0,1,0,1,10,15,10,10,35,78.95
7,7,14.10,56,44,0,NA,Bilingual,F,21,EN,14,0,0,291,202,202,291,202,14,0,14,493,1,1,1,1,1,1,1,0,1,0,1,0,1,1,1,0,0,1,1,0,1,0,0,1,1,1,1,0,0,1,0,0,0,1,0,1,1,1,0,0,1,0,1,1,1,0,1,1,1,0,0,1,0,0,1,0,1,1,1,1,1,1,1,1,0,0,1,0,1,0,1,1,1,0,0,1,1,0,1,0,0,1,1,1,1,0,0,1,0,0,0,1,1,1,1,1,0,0,1,0,1,1,1,0,1,1,1,0,0,1,0,0,1,0,1,9,10,6,9,25,59.65
8,8,14.61,42,58,0,NA,Bilingual,M,13,FR,14,14,14,163,126,126,126,163,14,14,28,289,1,1,1,1,1,1,1,0,1,0,1,1,1,1,0,0,0,1,0,0,0,0,0,1,0,1,1,0,0,0,0,0,0,0,0,1,0,1,0,0,0,0,0,1,0,0,1,1,1,0,1,1,0,0,1,0,1,1,1,1,1,1,1,1,1,0,1,0,1,0,1,1,0,0,0,1,0,0,0,0,0,1,0,1,1,0,0,0,0,0,0,0,0,0,0,1,0,0,0,0,1,0,1,0,1,1,1,0,1,1,0,0,0,0,1,9,6,1,8,15,42.11
9,9,15.00,5,95,0,NA,Monolingual,M,13,FR,11,NA,11,168,NA,168,NA,168,NA,11,11,168,NA,NA,NA,NA,NA,NA,NA,NA,NA,NA,NA,NA,NA,NA,NA,NA,NA,NA,NA,NA,NA,NA,NA,NA,NA,NA,NA,NA,NA,NA,NA,NA,NA,NA,NA,NA,NA,NA,NA,NA,NA,NA,NA,NA,NA,NA,NA,NA,NA,NA,NA,NA,NA,NA,NA,NA,NA,0,1,1,1,1,1,1,0,0,1,0,0,0,1,0,1,1,1,1,1,0,1,0,0,1,0,1,1,0,0,0,0,0,1,1,0,0,1,1,1,1,1,0,0,0,1,0,1,1,0,0,1,0,0,0,1,0,0,7,10,7,5,22,50.88
10,10,14.42,26.7,73.3,0,NA,Bilingual,M,18,FR,8,3,3,65,39,39,39,65,3,8,11,104,1,1,1,1,1,1,0,0,1,0,0,0,1,1,0,1,1,0,1,0,0,0,0,1,0,1,1,0,0,0,0,1,1,0,0,1,0,0,0,0,0,0,1,1,0,0,1,1,0,0,1,0,0,0,1,1,0,1,1,1,1,1,1,1,0,0,1,0,0,0,1,1,0,1,1,0,1,0,0,0,0,1,0,1,1,0,0,0,0,1,1,0,0,1,0,0,0,0,0,0,1,0,1,0,1,1,0,0,1,0,0,0,1,1,0,7,8,3,7,18,43.86
11,12,13.84,60,40,0,NA,Bilingual,M,16,EN,21,16,16,107,69,69,107,69,21,16,37,176,1,1,1,1,1,1,0,0,1,0,1,0,1,1,0,0,0,1,0,0,1,0,0,1,0,1,1,0,0,0,0,0,0,0,0,0,0,0,0,0,0,0,0,1,0,0,1,1,0,0,0,0,0,0,0,1,1,1,1,1,1,1,1,1,0,0,1,0,1,0,1,1,0,0,0,1,0,0,0,0,0,1,0,1,1,0,0,0,0,0,0,0,0,0,0,0,0,0,0,0,0,0,1,0,0,1,0,0,0,0,0,0,0,1,0,8,7,0,5,12,35.09
12,13,14.77,83,17,0,NA,Exposed,M,16,EN,24,10,10,178,72,72,178,72,24,10,34,250,1,1,1,1,1,1,0,1,1,1,1,1,1,1,1,1,1,1,1,1,1,1,1,1,1,1,1,1,1,0,0,0,0,0,0,0,0,1,0,0,0,0,1,1,1,1,1,1,1,1,1,1,0,1,1,1,1,1,1,1,1,1,1,1,0,1,1,1,1,1,1,1,1,1,1,1,1,1,0,1,1,1,1,1,1,1,1,0,0,0,0,0,0,0,0,1,0,0,0,0,1,1,1,1,1,1,1,0,1,1,0,1,1,1,1,11,17,1,14,32,75.44
13,14,13.81,45,55,0,NA,Bilingual,M,16,FR,7,3,3,110,53,53,53,110,3,7,10,163,1,1,1,1,1,1,1,0,1,0,1,0,1,1,0,1,1,1,1,1,0,0,0,1,0,1,0,0,0,0,0,0,0,0,0,1,1,1,1,0,0,0,1,1,1,0,1,1,1,1,1,1,0,1,1,0,1,1,1,1,1,1,1,1,1,0,1,0,1,0,1,1,0,1,1,1,1,1,0,0,0,1,1,1,0,0,0,0,0,0,0,0,0,1,1,1,0,0,0,0,1,1,1,0,1,1,1,1,1,1,1,1,1,0,1,9,10,3,13,26,61.40
14,15,14.32,48.5,51.5,0,NA,Bilingual,M,16,FR,11,4,4,138,32,32,32,138,4,11,15,170,1,1,1,1,1,1,0,0,1,0,1,0,1,1,0,1,1,1,0,0,1,0,0,1,1,1,1,0,0,0,1,0,0,0,0,1,0,1,0,0,1,0,1,0,0,0,1,1,1,1,1,0,0,1,1,1,0,1,1,1,0,1,1,0,0,0,1,0,0,0,1,1,0,1,1,1,0,0,0,0,1,1,0,1,1,0,0,0,0,0,0,0,0,1,0,1,0,0,1,0,0,0,1,0,1,1,0,1,0,0,0,1,0,1,1,5,9,3,7,19,42.11
15,16,14.94,99,1,0,NA,Monolingual,M,16,EN,59,NA,59,299,NA,299,299,NA,59,NA,59,299,1,1,1,1,1,0,1,0,1,1,0,0,1,1,1,1,1,1,0,0,0,0,0,1,1,1,1,0,0,0,0,0,0,0,0,1,0,1,0,0,1,0,1,1,0,0,0,1,0,1,1,0,1,0,1,1,1,0,NA,NA,NA,NA,NA,NA,NA,NA,NA,NA,NA,NA,NA,NA,NA,NA,NA,NA,NA,NA,NA,NA,NA,NA,NA,NA,NA,NA,NA,NA,NA,NA,NA,NA,NA,NA,NA,NA,NA,NA,NA,NA,NA,NA,NA,NA,NA,NA,NA,NA,NA,NA,NA,NA,NA,NA,NA,8,10,3,9,22,52.63
16,17,15.48,50,50,0,NA,Bilingual,F,21,EN,30,26,26,162,202,202,162,202,30,26,56,364,1,1,1,1,1,1,1,0,1,1,1,1,1,1,1,1,1,1,1,1,0,1,0,1,1,0,1,0,1,1,0,1,0,0,0,0,0,1,0,0,1,0,0,0,0,0,1,1,0,0,1,0,0,1,1,1,1,1,1,1,1,1,1,1,0,0,0,1,1,1,1,1,1,1,1,1,1,1,0,1,0,1,1,0,1,0,1,1,0,1,0,0,0,0,0,1,0,0,1,0,0,0,0,0,1,1,0,0,1,0,0,1,1,1,1,11,13,4,7,24,61.40
17,18,14.42,100,0,0,NA,Monolingual,F,16,EN,20,NA,20,104,NA,104,104,NA,20,NA,20,104,1,1,1,1,1,1,1,0,1,1,1,0,1,1,0,0,0,0,1,0,0,1,0,1,0,1,1,0,0,0,0,0,0,0,0,0,0,1,0,0,1,0,0,1,0,0,1,1,0,0,1,0,0,0,1,0,0,0,NA,NA,NA,NA,NA,NA,NA,NA,NA,NA,NA,NA,NA,NA,NA,NA,NA,NA,NA,NA,NA,NA,NA,NA,NA,NA,NA,NA,NA,NA,NA,NA,NA,NA,NA,NA,NA,NA,NA,NA,NA,NA,NA,NA,NA,NA,NA,NA,NA,NA,NA,NA,NA,NA,NA,NA,NA,10,7,2,5,14,42.11
18,19,14.15,100,0,0,NA,Monolingual,M,21,EN,16,NA,16,78,NA,78,78,NA,16,NA,16,78,1,1,1,1,1,0,0,0,0,0,0,1,1,1,1,0,0,0,0,0,0,0,0,0,0,1,0,0,0,0,0,0,0,0,0,0,0,0,0,0,0,0,1,0,0,0,0,1,1,0,0,0,0,0,0,0,0,0,NA,NA,NA,NA,NA,NA,NA,NA,NA,NA,NA,NA,NA,NA,NA,NA,NA,NA,NA,NA,NA,NA,NA,NA,NA,NA,NA,NA,NA,NA,NA,NA,NA,NA,NA,NA,NA,NA,NA,NA,NA,NA,NA,NA,NA,NA,NA,NA,NA,NA,NA,NA,NA,NA,NA,NA,NA,6,4,0,3,7,22.81
19,20,14.02,0,100,0,NA,Monolingual,F,11,FR,22,NA,22,160,NA,160,NA,160,NA,22,22,160,NA,NA,NA,NA,NA,NA,NA,NA,NA,NA,NA,NA,NA,NA,NA,NA,NA,NA,NA,NA,NA,NA,NA,NA,NA,NA,NA,NA,NA,NA,NA,NA,NA,NA,NA,NA,NA,NA,NA,NA,NA,NA,NA,NA,NA,NA,NA,NA,NA,NA,NA,NA,NA,NA,NA,NA,NA,0,1,1,1,1,1,1,1,1,1,0,0,0,1,1,1,1,0,1,0,1,0,0,0,1,0,1,1,0,0,0,0,0,0,0,0,0,0,0,0,0,0,0,1,1,1,0,1,0,0,0,1,0,0,1,1,1,1,9,9,0,9,18,47.37
20,22,14.23,100,0,0,NA,Monolingual,M,18,EN,0,NA,0,8,NA,8,8,NA,0,NA,0,8,1,1,1,1,1,1,0,0,1,0,0,0,1,1,1,1,0,1,1,1,1,0,0,1,0,1,1,0,0,0,0,0,0,0,0,0,0,0,0,0,0,0,0,1,0,0,1,1,0,0,1,1,0,0,1,1,1,0,NA,NA,NA,NA,NA,NA,NA,NA,NA,NA,NA,NA,NA,NA,NA,NA,NA,NA,NA,NA,NA,NA,NA,NA,NA,NA,NA,NA,NA,NA,NA,NA,NA,NA,NA,NA,NA,NA,NA,NA,NA,NA,NA,NA,NA,NA,NA,NA,NA,NA,NA,NA,NA,NA,NA,NA,NA,7,11,0,8,19,45.61
21,23,15.26,0,100,0,NA,Monolingual,M,18,FR,11,NA,11,159,NA,159,NA,159,NA,11,11,159,NA,NA,NA,NA,NA,NA,NA,NA,NA,NA,NA,NA,NA,NA,NA,NA,NA,NA,NA,NA,NA,NA,NA,NA,NA,NA,NA,NA,NA,NA,NA,NA,NA,NA,NA,NA,NA,NA,NA,NA,NA,NA,NA,NA,NA,NA,NA,NA,NA,NA,NA,NA,NA,NA,NA,NA,NA,0,1,1,1,1,1,0,0,0,1,0,0,0,1,1,1,1,0,0,0,0,0,0,1,1,0,1,1,0,1,0,0,0,0,0,0,0,0,1,0,0,0,0,1,0,0,0,1,1,0,0,1,0,0,0,1,0,0,6,9,1,5,15,36.84
22,24,15.06,0,100,0,NA,Monolingual,F,13,FR,16,NA,16,79,NA,79,NA,79,NA,16,16,79,NA,NA,NA,NA,NA,NA,NA,NA,NA,NA,NA,NA,NA,NA,NA,NA,NA,NA,NA,NA,NA,NA,NA,NA,NA,NA,NA,NA,NA,NA,NA,NA,NA,NA,NA,NA,NA,NA,NA,NA,NA,NA,NA,NA,NA,NA,NA,NA,NA,NA,NA,NA,NA,NA,NA,NA,NA,0,1,1,1,1,1,1,0,1,1,1,0,0,1,1,1,1,1,1,1,0,0,0,0,1,0,1,1,0,0,1,1,1,1,1,1,0,0,1,1,1,1,1,0,0,0,0,0,1,0,0,0,1,1,0,1,0,0,9,10,11,4,25,59.65
23,25,13.87,86.5,10.7,2.9,Portuguese,Exposed,M,15,EN,23,NA,NA,119,NA,NA,119,NA,23,NA,23,119,1,1,1,1,1,1,1,0,1,0,1,0,1,1,1,1,1,1,0,1,1,1,0,1,1,1,1,0,0,0,1,0,1,1,0,0,0,0,0,0,1,0,1,1,0,0,1,1,0,1,1,1,0,0,1,1,1,0,NA,NA,NA,NA,NA,NA,NA,NA,NA,NA,NA,NA,NA,NA,NA,NA,NA,NA,NA,NA,NA,NA,NA,NA,NA,NA,NA,NA,NA,NA,NA,NA,NA,NA,NA,NA,NA,NA,NA,NA,NA,NA,NA,NA,NA,NA,NA,NA,NA,NA,NA,NA,NA,NA,NA,NA,NA,9,13,4,10,27,63.16
24,26,14.65,100,0,0,NA,Monolingual,F,18,EN,12,NA,12,150,NA,150,150,NA,12,NA,12,150,1,1,1,1,1,1,0,0,1,1,1,1,1,1,1,1,1,1,1,1,1,0,1,1,1,1,1,1,0,0,0,0,0,0,0,0,0,0,0,0,0,0,1,1,1,0,1,1,1,1,1,1,0,1,1,0,1,0,NA,NA,NA,NA,NA,NA,NA,NA,NA,NA,NA,NA,NA,NA,NA,NA,NA,NA,NA,NA,NA,NA,NA,NA,NA,NA,NA,NA,NA,NA,NA,NA,NA,NA,NA,NA,NA,NA,NA,NA,NA,NA,NA,NA,NA,NA,NA,NA,NA,NA,NA,NA,NA,NA,NA,NA,NA,10,15,0,12,27,64.91
25,27,14.77,100,0,0,NA,Monolingual,M,18,EN,15,NA,15,92,NA,92,92,NA,15,NA,15,92,1,1,1,1,1,0,1,0,0,1,1,1,1,1,0,0,1,0,1,0,1,1,0,1,0,1,1,0,1,0,0,0,0,0,0,1,0,1,0,0,0,0,1,1,0,0,1,1,0,0,1,0,0,1,1,1,0,0,NA,NA,NA,NA,NA,NA,NA,NA,NA,NA,NA,NA,NA,NA,NA,NA,NA,NA,NA,NA,NA,NA,NA,NA,NA,NA,NA,NA,NA,NA,NA,NA,NA,NA,NA,NA,NA,NA,NA,NA,NA,NA,NA,NA,NA,NA,NA,NA,NA,NA,NA,NA,NA,NA,NA,NA,NA,9,10,2,8,20,50.88
26,28,13.79,77,23,0,NA,Exposed,M,18,EN,7,4,4,100,50,50,100,50,7,4,11,150,1,1,1,1,1,0,0,0,1,0,1,1,1,1,1,1,0,0,1,0,0,0,0,0,0,1,1,0,1,0,0,0,0,0,0,0,0,0,0,0,0,0,0,0,0,0,1,1,0,0,0,0,0,0,0,0,0,1,1,1,1,0,1,0,0,0,1,0,1,1,1,1,1,1,0,0,1,0,0,0,0,0,0,1,1,0,1,0,0,0,0,0,0,0,0,0,0,0,0,0,0,0,0,0,1,1,0,0,0,0,0,0,0,0,0,8,8,0,2,10,31.58
27,29,13.56,100,0,0,NA,Monolingual,M,12,EN,6,NA,6,209,NA,209,209,NA,6,NA,6,209,1,1,1,1,1,1,1,0,0,0,0,0,1,1,1,1,1,1,1,0,0,0,0,1,1,1,0,0,0,0,0,0,0,0,0,0,0,1,0,0,0,0,1,0,0,0,1,1,1,0,1,0,0,1,1,1,1,0,NA,NA,NA,NA,NA,NA,NA,NA,NA,NA,NA,NA,NA,NA,NA,NA,NA,NA,NA,NA,NA,NA,NA,NA,NA,NA,NA,NA,NA,NA,NA,NA,NA,NA,NA,NA,NA,NA,NA,NA,NA,NA,NA,NA,NA,NA,NA,NA,NA,NA,NA,NA,NA,NA,NA,NA,NA,7,10,1,9,20,47.37
28,30,13.95,80,20,0,NA,Exposed,M,15,EN,38,NA,NA,250,NA,NA,250,NA,38,NA,38,250,1,1,1,1,1,1,1,1,1,1,1,1,1,1,1,1,1,1,1,0,1,1,0,1,1,1,1,1,1,1,1,0,1,1,0,0,1,1,0,1,1,0,1,1,1,0,1,1,1,0,1,1,0,1,1,0,1,0,NA,NA,NA,NA,NA,NA,NA,NA,NA,NA,NA,NA,NA,NA,NA,NA,NA,NA,NA,NA,NA,NA,NA,NA,NA,NA,NA,NA,NA,NA,NA,NA,NA,NA,NA,NA,NA,NA,NA,NA,NA,NA,NA,NA,NA,NA,NA,NA,NA,NA,NA,NA,NA,NA,NA,NA,NA,12,15,8,11,34,80.70
29,31,14.50,0,100,0,NA,Monolingual,F,18,FR,7,NA,7,109,NA,109,NA,109,NA,7,7,109,NA,NA,NA,NA,NA,NA,NA,NA,NA,NA,NA,NA,NA,NA,NA,NA,NA,NA,NA,NA,NA,NA,NA,NA,NA,NA,NA,NA,NA,NA,NA,NA,NA,NA,NA,NA,NA,NA,NA,NA,NA,NA,NA,NA,NA,NA,NA,NA,NA,NA,NA,NA,NA,NA,NA,NA,NA,0,1,1,1,1,1,1,0,0,1,0,0,0,1,1,0,1,0,1,1,0,0,0,0,0,0,1,1,0,0,1,0,0,0,0,0,1,0,0,0,0,0,0,0,0,0,0,0,1,0,0,1,1,0,0,0,0,0,7,7,2,3,12,33.33
30,32,14.50,100,0,0,NA,Monolingual,F,16,EN,43,NA,43,151,NA,151,151,NA,43,NA,43,151,1,1,1,1,1,1,0,0,1,1,1,1,1,1,1,1,1,1,1,0,1,1,0,1,1,1,1,1,1,1,1,1,1,1,0,1,0,1,1,1,1,1,0,1,1,0,1,1,0,0,1,1,0,0,1,0,1,0,NA,NA,NA,NA,NA,NA,NA,NA,NA,NA,NA,NA,NA,NA,NA,NA,NA,NA,NA,NA,NA,NA,NA,NA,NA,NA,NA,NA,NA,NA,NA,NA,NA,NA,NA,NA,NA,NA,NA,NA,NA,NA,NA,NA,NA,NA,NA,NA,NA,NA,NA,NA,NA,NA,NA,NA,NA,10,15,11,8,34,77.19
31,33,14.51,0,100,0,NA,Monolingual,F,13,FR,15,NA,15,73,NA,73,NA,73,NA,15,15,73,NA,NA,NA,NA,NA,NA,NA,NA,NA,NA,NA,NA,NA,NA,NA,NA,NA,NA,NA,NA,NA,NA,NA,NA,NA,NA,NA,NA,NA,NA,NA,NA,NA,NA,NA,NA,NA,NA,NA,NA,NA,NA,NA,NA,NA,NA,NA,NA,NA,NA,NA,NA,NA,NA,NA,NA,NA,0,1,1,1,1,1,1,0,0,1,1,0,0,1,1,1,1,1,1,1,0,1,1,0,1,0,1,1,0,0,0,0,0,0,0,0,0,0,0,0,0,0,0,0,0,1,1,1,1,0,0,1,0,0,0,1,1,0,8,12,0,7,19,47.37
32,34,14.24,5.6,94.4,0,NA,Monolingual,M,18,FR,3,NA,3,85,NA,85,NA,85,NA,3,3,85,NA,NA,NA,NA,NA,NA,NA,NA,NA,NA,NA,NA,NA,NA,NA,NA,NA,NA,NA,NA,NA,NA,NA,NA,NA,NA,NA,NA,NA,NA,NA,NA,NA,NA,NA,NA,NA,NA,NA,NA,NA,NA,NA,NA,NA,NA,NA,NA,NA,NA,NA,NA,NA,NA,NA,NA,NA,0,1,1,1,1,1,1,0,0,1,0,1,0,1,1,1,1,1,1,0,0,0,0,0,1,0,1,1,0,1,0,0,0,0,1,0,0,0,1,1,0,0,0,1,1,1,0,1,1,0,0,1,0,0,0,1,0,0,8,10,3,7,20,49.12
33,35,14.15,0,100,0,NA,Monolingual,F,12,FR,10,NA,10,63,NA,63,NA,63,NA,10,10,63,NA,NA,NA,NA,NA,NA,NA,NA,NA,NA,NA,NA,NA,NA,NA,NA,NA,NA,NA,NA,NA,NA,NA,NA,NA,NA,NA,NA,NA,NA,NA,NA,NA,NA,NA,NA,NA,NA,NA,NA,NA,NA,NA,NA,NA,NA,NA,NA,NA,NA,NA,NA,NA,NA,NA,NA,NA,0,1,1,1,1,1,1,0,0,1,1,0,1,1,1,1,0,1,1,1,1,0,0,0,1,0,1,1,0,1,0,0,0,0,0,0,0,1,1,0,1,1,0,0,0,0,0,0,1,0,0,1,1,0,1,1,0,0,9,11,4,5,20,50.88
34,36,14.23,100,0,0,NA,Monolingual,F,16,EN,0,NA,0,171,NA,171,171,NA,0,NA,0,171,1,1,1,1,1,0,0,0,0,0,0,1,1,1,0,0,0,0,1,0,1,0,0,1,0,1,1,0,0,1,0,0,0,0,0,1,0,1,0,0,0,0,1,0,0,0,0,1,0,0,1,0,0,0,0,0,0,0,NA,NA,NA,NA,NA,NA,NA,NA,NA,NA,NA,NA,NA,NA,NA,NA,NA,NA,NA,NA,NA,NA,NA,NA,NA,NA,NA,NA,NA,NA,NA,NA,NA,NA,NA,NA,NA,NA,NA,NA,NA,NA,NA,NA,NA,NA,NA,NA,NA,NA,NA,NA,NA,NA,NA,NA,NA,6,7,3,3,13,33.33
35,38,14.17,0,100,0,NA,Monolingual,M,15,FR,7,NA,7,64,NA,64,NA,64,NA,7,7,64,NA,NA,NA,NA,NA,NA,NA,NA,NA,NA,NA,NA,NA,NA,NA,NA,NA,NA,NA,NA,NA,NA,NA,NA,NA,NA,NA,NA,NA,NA,NA,NA,NA,NA,NA,NA,NA,NA,NA,NA,NA,NA,NA,NA,NA,NA,NA,NA,NA,NA,NA,NA,NA,NA,NA,NA,NA,0,1,1,0,1,1,1,1,0,1,1,1,0,0,1,0,0,0,1,1,0,0,0,0,1,0,1,1,0,0,0,0,0,0,0,0,1,0,1,0,0,0,0,1,0,1,0,0,1,1,0,1,0,0,1,0,0,0,9,6,2,6,14,40.35
36,39,14.76,100,0,0,NA,Monolingual,F,18,EN,34,NA,34,177,NA,177,177,NA,34,NA,34,177,1,1,1,1,1,1,1,0,1,1,1,1,1,1,1,1,1,1,1,1,1,1,0,1,0,1,1,1,0,0,0,0,0,0,0,0,0,0,1,0,0,0,0,0,0,0,1,1,0,0,0,0,0,1,1,0,1,0,NA,NA,NA,NA,NA,NA,NA,NA,NA,NA,NA,NA,NA,NA,NA,NA,NA,NA,NA,NA,NA,NA,NA,NA,NA,NA,NA,NA,NA,NA,NA,NA,NA,NA,NA,NA,NA,NA,NA,NA,NA,NA,NA,NA,NA,NA,NA,NA,NA,NA,NA,NA,NA,NA,NA,NA,NA,11,14,1,5,20,54.39
37,40,14.24,0,100,0,NA,Monolingual,M,18,FR,0,NA,0,152,NA,152,NA,152,NA,0,0,152,NA,NA,NA,NA,NA,NA,NA,NA,NA,NA,NA,NA,NA,NA,NA,NA,NA,NA,NA,NA,NA,NA,NA,NA,NA,NA,NA,NA,NA,NA,NA,NA,NA,NA,NA,NA,NA,NA,NA,NA,NA,NA,NA,NA,NA,NA,NA,NA,NA,NA,NA,NA,NA,NA,NA,NA,NA,0,1,1,1,1,1,1,0,0,1,1,0,1,1,1,1,0,1,1,1,1,1,0,0,1,0,1,1,0,1,0,0,0,0,0,0,1,0,1,0,0,0,0,0,0,1,0,1,1,0,0,1,1,0,0,0,0,1,9,12,2,6,20,50.88
38,42,14.60,0,100,0,NA,Monolingual,M,18,FR,4,NA,4,218,NA,218,NA,218,NA,4,4,218,NA,NA,NA,NA,NA,NA,NA,NA,NA,NA,NA,NA,NA,NA,NA,NA,NA,NA,NA,NA,NA,NA,NA,NA,NA,NA,NA,NA,NA,NA,NA,NA,NA,NA,NA,NA,NA,NA,NA,NA,NA,NA,NA,NA,NA,NA,NA,NA,NA,NA,NA,NA,NA,NA,NA,NA,NA,0,1,1,1,1,1,1,1,0,1,1,1,1,1,1,1,0,1,1,1,1,1,1,0,1,0,1,1,0,0,0,0,0,0,1,0,0,0,1,0,0,0,0,0,0,0,0,1,1,0,0,1,0,0,0,1,0,0,11,12,2,4,18,50.88
39,43,14.23,100,0,0,NA,Monolingual,M,16,EN,13,NA,13,79,NA,79,79,NA,13,NA,13,79,1,1,1,1,1,1,0,0,1,0,1,1,1,1,1,1,1,1,1,1,1,0,0,1,0,1,1,1,0,0,0,0,0,0,0,1,0,1,0,0,1,0,0,1,0,0,1,1,0,0,1,1,0,0,1,0,1,0,NA,NA,NA,NA,NA,NA,NA,NA,NA,NA,NA,NA,NA,NA,NA,NA,NA,NA,NA,NA,NA,NA,NA,NA,NA,NA,NA,NA,NA,NA,NA,NA,NA,NA,NA,NA,NA,NA,NA,NA,NA,NA,NA,NA,NA,NA,NA,NA,NA,NA,NA,NA,NA,NA,NA,NA,NA,9,13,3,7,23,56.14
40,44,14.85,69.73,30.28,0,NA,Bilingual,F,13,EN,51,9,9,243,79,79,243,79,51,9,60,322,NA,NA,NA,NA,NA,NA,NA,NA,NA,NA,NA,NA,NA,NA,NA,NA,NA,NA,NA,NA,NA,NA,NA,NA,NA,NA,NA,NA,NA,NA,NA,NA,NA,NA,NA,NA,NA,NA,NA,NA,NA,NA,NA,NA,NA,NA,NA,NA,NA,NA,NA,NA,NA,NA,NA,NA,NA,0,1,1,1,1,1,1,0,1,1,1,0,1,1,1,1,1,1,1,1,0,1,0,0,1,1,1,1,0,0,1,1,1,0,1,0,0,1,1,1,0,1,0,0,1,1,0,1,1,0,0,1,1,0,1,1,0,1,10,12,8,9,29,68.42
41,45,14.96,97.4,2.6,0,NA,Monolingual,M,16,EN,15,NA,15,214,NA,214,214,NA,15,NA,15,214,1,1,1,1,1,1,0,0,1,1,0,1,1,1,0,0,0,1,1,0,1,0,1,1,1,1,1,0,0,0,0,0,0,0,0,0,0,1,1,0,1,0,0,1,0,0,0,1,0,0,1,0,0,1,1,0,1,0,NA,NA,NA,NA,NA,NA,NA,NA,NA,NA,NA,NA,NA,NA,NA,NA,NA,NA,NA,NA,NA,NA,NA,NA,NA,NA,NA,NA,NA,NA,NA,NA,NA,NA,NA,NA,NA,NA,NA,NA,NA,NA,NA,NA,NA,NA,NA,NA,NA,NA,NA,NA,NA,NA,NA,NA,NA,9,10,3,6,19,49.12
42,46,14.70,34.75,65.25,0,NA,Bilingual,M,11,FR,25,10,10,98,19,19,19,98,10,25,35,117,1,1,1,1,1,1,0,0,1,1,1,1,1,1,0,1,0,0,0,0,1,0,0,1,0,1,1,0,1,0,0,0,1,0,1,1,0,1,0,0,1,0,0,0,0,0,1,1,0,0,1,1,0,0,0,0,0,1,1,1,1,1,1,1,0,0,1,1,1,1,1,1,0,1,0,0,0,0,0,0,0,1,0,1,1,0,1,0,0,0,0,0,0,0,0,0,0,0,0,0,0,0,0,0,1,1,0,0,1,0,0,0,1,0,0,10,7,0,4,11,36.84
43,47,14.16,0,100,0,NA,Monolingual,F,16,FR,2,NA,2,178,NA,178,NA,178,NA,2,2,178,NA,NA,NA,NA,NA,NA,NA,NA,NA,NA,NA,NA,NA,NA,NA,NA,NA,NA,NA,NA,NA,NA,NA,NA,NA,NA,NA,NA,NA,NA,NA,NA,NA,NA,NA,NA,NA,NA,NA,NA,NA,NA,NA,NA,NA,NA,NA,NA,NA,NA,NA,NA,NA,NA,NA,NA,NA,0,1,1,1,1,1,1,1,0,0,1,0,0,1,1,1,0,1,1,1,0,0,0,0,1,1,1,1,0,1,0,0,0,0,0,0,0,0,1,0,0,0,0,1,0,0,0,1,1,1,0,1,0,0,1,1,0,0,8,11,1,7,19,47.37
44,48,13.90,98,0,2,Polish,Monolingual,F,13,EN,14,NA,14,78,NA,78,78,NA,14,NA,14,78,1,1,1,1,1,0,0,0,1,1,1,1,1,0,1,1,1,1,1,1,1,0,0,1,0,1,1,1,1,0,1,0,0,1,0,1,0,1,1,0,1,0,0,0,1,0,1,1,0,0,1,0,0,1,1,0,1,0,NA,NA,NA,NA,NA,NA,NA,NA,NA,NA,NA,NA,NA,NA,NA,NA,NA,NA,NA,NA,NA,NA,NA,NA,NA,NA,NA,NA,NA,NA,NA,NA,NA,NA,NA,NA,NA,NA,NA,NA,NA,NA,NA,NA,NA,NA,NA,NA,NA,NA,NA,NA,NA,NA,NA,NA,NA,9,13,6,7,26,61.40
45,49,14.56,81.66,18.34,0,NA,Exposed,M,16,EN,27,0,0,188,22,22,188,22,27,0,27,210,1,1,1,1,1,1,0,0,1,1,1,0,1,1,0,1,1,1,0,0,1,0,0,1,0,1,1,0,0,0,0,0,0,0,1,1,0,1,0,1,0,0,1,1,0,0,1,1,1,0,0,0,0,1,1,0,1,0,NA,NA,NA,NA,NA,NA,NA,NA,NA,NA,NA,NA,NA,NA,NA,NA,NA,NA,NA,NA,NA,NA,NA,NA,NA,NA,NA,NA,NA,NA,NA,NA,NA,NA,NA,NA,NA,NA,NA,NA,NA,NA,NA,NA,NA,NA,NA,NA,NA,NA,NA,NA,NA,NA,NA,NA,NA,9,9,4,8,21,52.63
46,51,14.63,31.7,68.3,0,NA,Bilingual,F,15,FR,19,8,8,136,20,20,20,136,8,19,27,156,1,1,1,1,1,1,0,0,1,1,0,0,1,1,1,0,0,0,0,0,1,0,0,1,0,1,1,1,0,0,0,0,0,0,0,0,0,1,0,0,1,0,1,1,1,0,1,1,0,0,1,1,0,1,1,0,0,1,1,1,1,1,1,1,0,0,1,1,0,0,1,1,1,0,0,0,0,0,1,0,0,1,0,1,1,1,0,0,0,0,0,0,0,0,0,1,0,0,1,0,1,1,1,0,1,1,0,0,1,1,0,1,1,0,0,8,8,2,9,19,47.37
47,52,15.42,20.52,79.48,0,NA,Exposed,M,21,FR,147,13,13,210,19,19,19,210,13,147,160,229,1,1,1,1,1,0,0,0,0,0,0,0,1,1,1,1,0,1,1,0,0,0,1,1,0,1,1,0,0,0,0,0,0,0,0,0,0,0,0,0,1,0,1,1,1,1,1,1,1,0,1,1,0,1,1,0,1,0,1,1,1,1,1,0,0,0,0,0,0,0,1,1,1,1,0,1,1,0,0,0,1,1,0,1,1,0,0,0,0,0,0,0,0,0,0,0,0,0,0,0,1,1,1,1,1,1,1,0,1,1,0,1,1,0,1,5,10,0,12,22,47.37
48,53,15.04,60,40,0,NA,Bilingual,F,16,EN,6,NA,NA,244,NA,NA,244,NA,6,NA,6,244,1,1,1,1,1,1,1,0,0,1,0,0,1,1,1,1,1,1,1,0,0,1,0,1,0,1,1,0,0,0,0,0,0,0,0,0,0,1,0,1,1,0,1,1,1,0,1,1,0,0,0,0,0,1,1,0,0,0,NA,NA,NA,NA,NA,NA,NA,NA,NA,NA,NA,NA,NA,NA,NA,NA,NA,NA,NA,NA,NA,NA,NA,NA,NA,NA,NA,NA,NA,NA,NA,NA,NA,NA,NA,NA,NA,NA,NA,NA,NA,NA,NA,NA,NA,NA,NA,NA,NA,NA,NA,NA,NA,NA,NA,NA,NA,8,11,3,7,21,50.88
49,54,14.17,100,0,0,NA,Monolingual,F,16,EN,22,NA,22,125,NA,125,125,NA,22,NA,22,125,1,1,1,1,1,1,1,0,0,1,1,1,1,1,1,1,0,1,1,1,0,0,0,1,0,1,1,0,1,1,1,0,0,1,1,0,1,1,1,0,1,0,0,1,1,0,1,1,1,0,1,1,0,1,1,0,1,0,NA,NA,NA,NA,NA,NA,NA,NA,NA,NA,NA,NA,NA,NA,NA,NA,NA,NA,NA,NA,NA,NA,NA,NA,NA,NA,NA,NA,NA,NA,NA,NA,NA,NA,NA,NA,NA,NA,NA,NA,NA,NA,NA,NA,NA,NA,NA,NA,NA,NA,NA,NA,NA,NA,NA,NA,NA,10,11,8,10,29,68.42
50,55,14.33,100,0,0,NA,Monolingual,M,13,EN,6,NA,6,72,NA,72,72,NA,6,NA,6,72,1,1,1,1,1,1,1,0,1,1,1,0,0,1,0,0,1,1,1,0,1,0,0,1,0,1,1,0,1,0,1,1,1,0,0,1,0,1,1,1,0,0,1,1,0,1,0,1,1,0,1,1,1,1,1,1,1,0,NA,NA,NA,NA,NA,NA,NA,NA,NA,NA,NA,NA,NA,NA,NA,NA,NA,NA,NA,NA,NA,NA,NA,NA,NA,NA,NA,NA,NA,NA,NA,NA,NA,NA,NA,NA,NA,NA,NA,NA,NA,NA,NA,NA,NA,NA,NA,NA,NA,NA,NA,NA,NA,NA,NA,NA,NA,10,9,7,12,28,66.67
51,57,14.37,28.51,71.49,0,NA,Bilingual,M,16,FR,40,31,31,75,101,101,101,75,31,40,71,176,1,1,1,1,1,1,0,1,1,0,1,1,1,1,1,1,1,1,1,0,1,1,1,1,1,1,1,0,1,0,0,0,0,0,0,0,0,0,0,0,0,0,1,1,1,1,1,1,1,0,1,1,0,1,1,1,1,0,NA,NA,NA,NA,NA,NA,NA,NA,NA,NA,NA,NA,NA,NA,NA,NA,NA,NA,NA,NA,NA,NA,NA,NA,NA,NA,NA,NA,NA,NA,NA,NA,NA,NA,NA,NA,NA,NA,NA,NA,NA,NA,NA,NA,NA,NA,NA,NA,NA,NA,NA,NA,NA,NA,NA,NA,NA,10,15,0,13,28,66.67
52,58,14.41,5,95,0,NA,Monolingual,M,18,FR,4,NA,4,38,NA,38,NA,38,NA,4,4,38,NA,NA,NA,NA,NA,NA,NA,NA,NA,NA,NA,NA,NA,NA,NA,NA,NA,NA,NA,NA,NA,NA,NA,NA,NA,NA,NA,NA,NA,NA,NA,NA,NA,NA,NA,NA,NA,NA,NA,NA,NA,NA,NA,NA,NA,NA,NA,NA,NA,NA,NA,NA,NA,NA,NA,NA,NA,0,1,1,1,1,1,0,0,0,1,1,1,0,1,1,1,1,0,0,0,0,0,0,0,1,0,1,1,1,1,0,0,0,1,1,0,0,0,1,1,0,1,0,0,0,1,0,1,1,0,0,1,1,0,0,1,0,0,8,9,5,6,20,49.12
53,59,15.20,0,100,0,NA,Monolingual,M,13,FR,26,NA,26,226,NA,226,NA,226,NA,26,26,226,NA,NA,NA,NA,NA,NA,NA,NA,NA,NA,NA,NA,NA,NA,NA,NA,NA,NA,NA,NA,NA,NA,NA,NA,NA,NA,NA,NA,NA,NA,NA,NA,NA,NA,NA,NA,NA,NA,NA,NA,NA,NA,NA,NA,NA,NA,NA,NA,NA,NA,NA,NA,NA,NA,NA,NA,NA,0,1,1,1,1,1,1,0,0,1,1,0,1,1,1,0,1,1,1,1,1,1,0,0,1,0,1,1,0,1,0,0,0,0,0,0,0,0,1,1,0,0,0,0,1,0,0,1,1,0,0,1,0,0,1,1,0,1,9,12,2,7,21,52.63
54,60,13.83,100,0,0,NA,Monolingual,M,16,EN,76,NA,76,197,NA,197,197,NA,76,NA,76,197,1,1,1,1,1,1,0,1,1,1,1,1,1,1,1,1,1,1,1,0,0,1,0,1,1,1,1,0,0,0,0,0,0,0,0,0,1,0,0,0,0,0,0,0,0,0,0,1,0,0,1,1,0,1,1,1,1,0,NA,NA,NA,NA,NA,NA,NA,NA,NA,NA,NA,NA,NA,NA,NA,NA,NA,NA,NA,NA,NA,NA,NA,NA,NA,NA,NA,NA,NA,NA,NA,NA,NA,NA,NA,NA,NA,NA,NA,NA,NA,NA,NA,NA,NA,NA,NA,NA,NA,NA,NA,NA,NA,NA,NA,NA,NA,11,12,1,7,20,54.39
55,64,14.16,23.1,76.9,0,NA,Exposed,M,18,FR,NA,4,4,NA,88,88,88,NA,4,NA,4,88,1,1,1,1,1,1,1,0,1,1,0,0,1,0,1,1,1,1,1,1,0,0,0,1,0,1,1,0,0,0,1,0,0,0,0,1,0,1,0,0,0,0,1,0,0,0,0,0,0,0,0,0,0,0,1,0,1,0,NA,NA,NA,NA,NA,NA,NA,NA,NA,NA,NA,NA,NA,NA,NA,NA,NA,NA,NA,NA,NA,NA,NA,NA,NA,NA,NA,NA,NA,NA,NA,NA,NA,NA,NA,NA,NA,NA,NA,NA,NA,NA,NA,NA,NA,NA,NA,NA,NA,NA,NA,NA,NA,NA,NA,NA,NA,9,10,3,3,16,43.86
56,65,14.94,60.8,32.85,6.35,Spanish,Bilingual,F,13,EN,55,1,1,228,103,103,228,103,55,1,56,331,1,1,1,1,1,1,1,1,1,1,1,1,1,1,1,1,1,1,1,1,1,1,1,1,0,1,1,0,0,0,1,1,0,0,0,0,0,1,1,0,1,0,0,1,1,1,1,1,0,0,1,1,0,1,1,0,1,1,1,1,1,1,1,1,1,1,1,1,1,1,1,1,1,1,1,1,1,1,1,1,0,1,0,1,1,0,0,0,1,1,0,0,0,0,0,1,0,0,1,0,0,1,1,0,1,1,0,0,1,1,0,1,1,0,1,12,14,5,10,29,71.93
57,66,14.81,93.7,6.3,0,NA,Monolingual,M,13,EN,0,NA,0,16,NA,16,16,NA,0,NA,0,16,1,1,0,1,1,1,0,0,1,0,1,0,0,1,0,0,0,0,0,0,0,0,0,0,0,1,1,0,0,0,0,0,0,0,0,0,0,0,0,0,0,0,0,0,0,0,0,1,0,0,0,0,0,0,0,0,1,0,NA,NA,NA,NA,NA,NA,NA,NA,NA,NA,NA,NA,NA,NA,NA,NA,NA,NA,NA,NA,NA,NA,NA,NA,NA,NA,NA,NA,NA,NA,NA,NA,NA,NA,NA,NA,NA,NA,NA,NA,NA,NA,NA,NA,NA,NA,NA,NA,NA,NA,NA,NA,NA,NA,NA,NA,NA,7,3,0,2,5,21.05
58,67,15.31,0,100,0,NA,Monolingual,F,13,FR,12,NA,12,207,NA,207,NA,207,NA,12,12,207,NA,NA,NA,NA,NA,NA,NA,NA,NA,NA,NA,NA,NA,NA,NA,NA,NA,NA,NA,NA,NA,NA,NA,NA,NA,NA,NA,NA,NA,NA,NA,NA,NA,NA,NA,NA,NA,NA,NA,NA,NA,NA,NA,NA,NA,NA,NA,NA,NA,NA,NA,NA,NA,NA,NA,NA,NA,0,1,1,1,0,1,1,0,0,1,0,1,0,1,1,1,0,1,1,1,1,0,1,0,1,0,1,1,0,0,0,0,0,0,0,0,0,0,1,1,0,1,0,1,0,0,0,1,1,0,0,0,0,0,0,0,0,1,7,11,3,4,18,43.86
59,71,14.84,0,100,0,NA,Monolingual,F,13,FR,21,NA,21,105,NA,105,NA,105,NA,21,21,105,NA,NA,NA,NA,NA,NA,NA,NA,NA,NA,NA,NA,NA,NA,NA,NA,NA,NA,NA,NA,NA,NA,NA,NA,NA,NA,NA,NA,NA,NA,NA,NA,NA,NA,NA,NA,NA,NA,NA,NA,NA,NA,NA,NA,NA,NA,NA,NA,NA,NA,NA,NA,NA,NA,NA,NA,NA,0,1,1,1,1,1,1,1,0,1,1,0,1,1,1,1,1,1,1,1,0,1,0,0,1,0,1,1,1,0,0,1,0,0,0,0,0,0,1,0,0,0,0,1,1,0,0,0,1,1,0,1,1,0,1,0,0,1,10,12,2,8,22,56.14
60,72,14.35,0,100,0,NA,Monolingual,F,13,FR,17,NA,17,209,NA,209,NA,209,NA,17,17,209,NA,NA,NA,NA,NA,NA,NA,NA,NA,NA,NA,NA,NA,NA,NA,NA,NA,NA,NA,NA,NA,NA,NA,NA,NA,NA,NA,NA,NA,NA,NA,NA,NA,NA,NA,NA,NA,NA,NA,NA,NA,NA,NA,NA,NA,NA,NA,NA,NA,NA,NA,NA,NA,NA,NA,NA,NA,0,1,1,1,0,1,1,0,0,0,0,0,0,1,1,1,1,1,1,0,0,1,0,0,1,1,0,1,0,0,0,0,1,1,1,0,0,0,1,0,0,1,0,1,0,0,0,1,1,0,0,1,1,0,0,1,0,1,5,10,5,7,22,47.37
61,73,14.35,23.4,76.7,0,NA,Exposed,F,21,FR,7,NA,NA,190,NA,NA,NA,190,NA,7,7,190,NA,NA,NA,NA,NA,NA,NA,NA,NA,NA,NA,NA,NA,NA,NA,NA,NA,NA,NA,NA,NA,NA,NA,NA,NA,NA,NA,NA,NA,NA,NA,NA,NA,NA,NA,NA,NA,NA,NA,NA,NA,NA,NA,NA,NA,NA,NA,NA,NA,NA,NA,NA,NA,NA,NA,NA,NA,0,1,1,1,1,1,1,0,0,1,1,0,0,1,1,1,1,1,1,1,0,1,1,0,1,0,0,1,0,0,0,0,0,0,0,0,0,0,0,0,0,1,0,1,0,1,0,1,1,0,0,1,0,0,1,1,0,1,8,11,1,8,20,49.12
62,75,14.10,75.59,24.4,0,NA,Exposed,M,13,EN,18,9,9,102,64,64,102,64,18,9,27,166,1,1,1,1,1,0,0,0,1,0,1,1,1,1,1,0,0,0,0,0,0,1,0,1,0,1,1,0,0,0,0,0,0,0,0,0,0,0,0,0,0,0,0,0,0,0,1,1,1,0,0,0,0,0,0,0,0,1,1,1,1,1,1,0,0,0,1,0,0,1,1,1,1,0,0,0,0,0,0,1,0,1,0,1,1,0,0,0,0,0,0,0,0,0,0,0,0,0,0,0,0,0,0,0,1,1,1,0,0,0,0,0,0,0,0,8,7,0,3,10,31.58
63,77,14.84,18,82,0,NA,Exposed,M,12,FR,12,9,9,76,46,46,46,76,9,12,21,122,1,1,1,1,1,1,0,1,1,0,1,0,1,1,1,1,1,1,1,0,1,1,1,1,0,1,1,1,1,0,0,0,0,0,0,1,1,1,1,1,1,0,1,1,0,0,1,1,0,0,1,1,0,1,1,1,1,1,1,1,1,0,1,0,0,0,1,0,0,0,1,1,0,1,1,1,1,0,1,1,0,1,0,1,1,0,1,0,0,0,0,0,0,0,0,0,0,0,1,0,1,0,1,0,1,1,0,0,1,1,0,1,1,1,0,5,12,1,9,22,47.37
64,79,14.06,0,100,0,NA,Monolingual,F,16,FR,8,NA,8,128,NA,128,NA,128,NA,8,8,128,NA,NA,NA,NA,NA,NA,NA,NA,NA,NA,NA,NA,NA,NA,NA,NA,NA,NA,NA,NA,NA,NA,NA,NA,NA,NA,NA,NA,NA,NA,NA,NA,NA,NA,NA,NA,NA,NA,NA,NA,NA,NA,NA,NA,NA,NA,NA,NA,NA,NA,NA,NA,NA,NA,NA,NA,NA,0,1,1,1,1,1,1,1,0,1,0,0,1,1,1,0,0,1,1,0,0,1,0,0,1,0,1,0,1,1,1,0,0,0,0,0,1,0,1,0,0,1,0,1,0,1,0,1,1,0,0,1,0,1,0,0,0,1,9,9,4,7,20,50.88
65,80,14.39,0,100,0,NA,Monolingual,F,16,FR,110,NA,110,260,NA,260,NA,260,NA,110,110,260,NA,NA,NA,NA,NA,NA,NA,NA,NA,NA,NA,NA,NA,NA,NA,NA,NA,NA,NA,NA,NA,NA,NA,NA,NA,NA,NA,NA,NA,NA,NA,NA,NA,NA,NA,NA,NA,NA,NA,NA,NA,NA,NA,NA,NA,NA,NA,NA,NA,NA,NA,NA,NA,NA,NA,NA,NA,0,1,1,1,1,1,1,1,1,1,1,1,1,1,1,1,0,1,1,0,0,1,1,1,1,1,1,1,1,1,0,0,0,0,0,0,0,0,1,0,0,1,0,1,0,1,1,1,1,1,0,1,1,0,0,1,1,1,12,14,2,11,27,68.42
66,81,14.81,0,100,0,NA,Monolingual,M,16,FR,10,NA,10,51,NA,51,NA,51,NA,10,10,51,NA,NA,NA,NA,NA,NA,NA,NA,NA,NA,NA,NA,NA,NA,NA,NA,NA,NA,NA,NA,NA,NA,NA,NA,NA,NA,NA,NA,NA,NA,NA,NA,NA,NA,NA,NA,NA,NA,NA,NA,NA,NA,NA,NA,NA,NA,NA,NA,NA,NA,NA,NA,NA,NA,NA,NA,NA,0,1,1,1,1,1,1,0,1,1,1,0,0,1,1,1,1,1,1,1,1,1,0,0,1,0,1,1,0,0,0,1,1,0,0,0,0,0,1,1,0,1,0,1,0,0,0,1,1,1,0,1,0,0,1,0,0,1,9,12,5,7,24,57.89
67,82,14.13,50.4,49.6,0,NA,Bilingual,F,13,EN,13,19,19,99,107,107,99,107,13,19,32,206,1,1,1,1,1,0,0,0,1,1,1,1,1,1,1,0,1,1,0,0,1,0,0,1,0,1,1,1,1,0,0,0,0,0,0,0,0,1,0,0,0,0,0,0,0,0,0,1,0,0,1,0,0,0,1,0,0,1,1,1,1,1,1,0,0,0,1,0,1,1,1,1,1,0,0,0,0,0,0,0,0,1,0,1,1,1,1,0,0,0,0,0,0,0,0,0,0,0,0,0,0,0,1,0,1,1,0,0,1,0,0,0,0,0,1,9,11,1,3,15,42.11
68,83,13.47,24.1,75.9,0,NA,Exposed,M,16,FR,2,6,6,30,27,27,27,30,6,2,8,57,1,1,1,1,1,1,0,0,0,0,0,0,0,1,0,0,0,0,0,0,1,0,0,1,0,1,1,1,1,0,0,0,0,0,0,0,0,0,0,0,0,0,1,0,0,0,1,1,1,0,1,0,0,0,0,0,0,1,1,1,1,1,1,1,0,0,1,0,0,0,0,1,0,0,0,0,0,0,1,0,0,1,0,1,1,0,1,0,0,0,0,0,0,0,0,1,0,0,0,0,1,0,0,0,1,1,1,0,1,0,0,0,0,0,0,7,6,1,5,12,33.33
69,84,14.92,100,0,0,NA,Monolingual,M,18,EN,9,NA,9,194,NA,194,194,NA,9,NA,9,194,1,1,1,1,1,1,1,1,1,1,1,1,1,1,1,1,1,0,0,1,1,0,0,1,1,1,1,1,1,1,1,1,1,0,0,1,1,1,1,1,1,0,1,1,1,1,1,1,0,0,1,1,0,1,1,1,1,0,NA,NA,NA,NA,NA,NA,NA,NA,NA,NA,NA,NA,NA,NA,NA,NA,NA,NA,NA,NA,NA,NA,NA,NA,NA,NA,NA,NA,NA,NA,NA,NA,NA,NA,NA,NA,NA,NA,NA,NA,NA,NA,NA,NA,NA,NA,NA,NA,NA,NA,NA,NA,NA,NA,NA,NA,NA,12,13,10,12,35,82.46
70,85,13.77,0,100,0,NA,Monolingual,M,18,FR,1,NA,1,123,NA,123,NA,123,NA,1,1,123,NA,NA,NA,NA,NA,NA,NA,NA,NA,NA,NA,NA,NA,NA,NA,NA,NA,NA,NA,NA,NA,NA,NA,NA,NA,NA,NA,NA,NA,NA,NA,NA,NA,NA,NA,NA,NA,NA,NA,NA,NA,NA,NA,NA,NA,NA,NA,NA,NA,NA,NA,NA,NA,NA,NA,NA,NA,0,1,1,0,1,1,1,0,0,1,0,1,0,0,1,0,0,0,0,0,0,0,0,0,0,0,1,1,0,0,0,0,0,0,0,0,0,0,0,0,0,0,0,0,0,0,0,1,1,0,0,0,0,0,0,0,0,0,7,3,0,2,5,21.05
71,87,14.78,0,100,0,NA,Monolingual,M,15,FR,26,NA,26,169,NA,169,NA,169,NA,26,26,169,NA,NA,NA,NA,NA,NA,NA,NA,NA,NA,NA,NA,NA,NA,NA,NA,NA,NA,NA,NA,NA,NA,NA,NA,NA,NA,NA,NA,NA,NA,NA,NA,NA,NA,NA,NA,NA,NA,NA,NA,NA,NA,NA,NA,NA,NA,NA,NA,NA,NA,NA,NA,NA,NA,NA,NA,NA,0,1,1,1,1,1,1,1,0,1,1,0,0,1,1,1,1,1,1,0,0,0,1,0,1,1,1,1,1,1,0,0,0,0,0,0,0,0,1,0,0,0,0,1,1,1,0,1,1,1,0,1,0,0,1,1,1,1,9,13,1,11,25,59.65
72,88,14.90,0,90,10,Spanish,Monolingual,F,13,FR,30,NA,30,244,NA,244,NA,244,NA,30,30,244,NA,NA,NA,NA,NA,NA,NA,NA,NA,NA,NA,NA,NA,NA,NA,NA,NA,NA,NA,NA,NA,NA,NA,NA,NA,NA,NA,NA,NA,NA,NA,NA,NA,NA,NA,NA,NA,NA,NA,NA,NA,NA,NA,NA,NA,NA,NA,NA,NA,NA,NA,NA,NA,NA,NA,NA,NA,0,1,1,1,1,1,1,1,0,1,1,0,0,1,1,1,1,1,1,1,1,1,1,0,1,0,1,1,0,1,1,0,1,1,0,0,1,1,1,1,1,1,0,0,1,0,0,1,1,0,0,1,1,0,1,1,1,1,9,14,9,9,32,71.93
73,90,14.87,66,34,0,NA,Bilingual,F,18,EN,12,4,4,91,47,47,91,47,12,4,16,138,1,1,1,1,1,1,1,0,1,0,0,0,1,1,1,1,1,1,1,0,1,0,0,1,0,1,1,1,0,1,0,0,0,0,1,1,1,0,1,0,0,0,1,0,0,0,1,1,0,0,1,0,0,0,1,0,1,0,NA,NA,NA,NA,NA,NA,NA,NA,NA,NA,NA,NA,NA,NA,NA,NA,NA,NA,NA,NA,NA,NA,NA,NA,NA,NA,NA,NA,NA,NA,NA,NA,NA,NA,NA,NA,NA,NA,NA,NA,NA,NA,NA,NA,NA,NA,NA,NA,NA,NA,NA,NA,NA,NA,NA,NA,NA,8,12,5,6,23,54.39
74,91,14.13,50.4,49.6,0,NA,Bilingual,M,13,EN,8,7,7,102,111,111,102,111,8,7,15,213,1,1,1,0,1,1,0,0,1,0,1,0,1,1,1,0,1,0,0,0,0,0,0,1,0,1,1,0,0,0,0,0,0,0,0,0,0,1,0,0,0,0,0,0,0,0,0,1,0,0,1,0,0,0,0,0,0,1,1,1,1,0,1,0,0,0,0,0,1,0,1,1,1,0,1,0,0,0,0,0,1,1,0,1,1,0,0,0,0,0,0,0,0,0,0,1,0,0,1,0,0,0,0,0,0,1,0,0,1,0,0,0,0,0,0,7,7,1,2,10,29.82
75,92,14.84,68,32,0,NA,Bilingual,F,16,EN,14,1,1,203,169,169,203,169,14,1,15,372,1,1,1,1,1,1,1,0,1,1,1,1,1,1,1,1,1,1,1,0,1,0,0,1,1,1,1,0,1,1,1,1,1,1,0,1,1,1,1,0,0,0,1,1,1,0,1,1,0,0,1,0,0,1,1,0,1,1,1,1,1,1,1,1,1,0,1,1,0,1,1,1,1,1,1,1,1,0,1,0,0,1,1,1,1,0,1,1,1,1,1,1,0,1,1,1,0,0,1,0,1,1,1,0,1,1,0,0,1,0,0,1,1,0,1,11,13,9,9,31,73.68
76,93,14.42,97,3,0,NA,Monolingual,M,11,EN,40,NA,40,182,NA,182,182,NA,40,NA,40,182,1,1,1,1,1,1,1,0,1,1,1,0,1,1,1,1,1,0,0,0,1,0,0,1,1,1,1,1,0,0,0,0,0,1,0,0,0,1,0,0,0,0,1,1,0,0,0,1,0,0,1,1,0,1,0,1,0,0,NA,NA,NA,NA,NA,NA,NA,NA,NA,NA,NA,NA,NA,NA,NA,NA,NA,NA,NA,NA,NA,NA,NA,NA,NA,NA,NA,NA,NA,NA,NA,NA,NA,NA,NA,NA,NA,NA,NA,NA,NA,NA,NA,NA,NA,NA,NA,NA,NA,NA,NA,NA,NA,NA,NA,NA,NA,10,11,2,7,20,52.63
77,95,14.52,0,100,0,NA,Monolingual,M,18,FR,3,NA,3,84,NA,84,NA,84,NA,3,3,84,NA,NA,NA,NA,NA,NA,NA,NA,NA,NA,NA,NA,NA,NA,NA,NA,NA,NA,NA,NA,NA,NA,NA,NA,NA,NA,NA,NA,NA,NA,NA,NA,NA,NA,NA,NA,NA,NA,NA,NA,NA,NA,NA,NA,NA,NA,NA,NA,NA,NA,NA,NA,NA,NA,NA,NA,NA,0,1,1,0,1,1,1,0,0,1,0,1,0,1,1,0,0,0,1,0,0,0,0,0,1,0,1,1,0,0,0,0,0,0,0,0,0,0,0,0,0,1,0,1,0,1,0,0,0,0,0,0,1,0,0,0,1,0,7,6,1,4,11,31.58
78,98,14.65,93.5,6.5,0,NA,Monolingual,M,16,EN,5,NA,5,18,NA,18,18,NA,5,NA,5,18,1,1,0,0,1,0,0,0,0,0,1,0,1,1,0,1,0,1,0,0,0,0,0,1,0,1,1,0,0,0,0,0,0,0,0,0,0,0,0,0,0,0,0,1,0,1,0,1,0,0,1,1,0,0,0,0,1,0,NA,NA,NA,NA,NA,NA,NA,NA,NA,NA,NA,NA,NA,NA,NA,NA,NA,NA,NA,NA,NA,NA,NA,NA,NA,NA,NA,NA,NA,NA,NA,NA,NA,NA,NA,NA,NA,NA,NA,NA,NA,NA,NA,NA,NA,NA,NA,NA,NA,NA,NA,NA,NA,NA,NA,NA,NA,4,7,0,6,13,29.82
79,99,14.21,74.24,25.76,0,NA,Bilingual,M,13,EN,16,10,10,145,40,40,145,40,16,10,26,185,1,1,1,1,1,1,1,0,1,1,1,1,1,1,1,1,0,1,0,0,0,1,0,1,0,1,1,1,1,0,1,0,1,1,0,1,0,1,0,1,1,0,1,1,0,0,1,1,1,0,1,0,0,0,1,0,0,1,1,1,1,1,1,1,0,0,1,1,1,1,1,1,1,1,0,1,0,0,0,1,0,1,0,1,1,1,1,0,1,1,0,1,0,1,0,1,0,0,1,0,1,0,1,0,1,1,1,0,1,0,0,0,1,0,0,11,11,7,7,25,63.16
80,100,14.00,100,0,0,NA,Monolingual,M,16,EN,5,NA,5,39,NA,39,39,NA,5,NA,5,39,1,1,1,1,1,0,0,0,1,0,0,0,1,1,0,1,0,1,1,0,1,0,0,0,0,1,1,0,0,0,0,0,0,0,0,0,0,1,0,0,0,0,0,1,0,0,0,0,1,0,0,0,0,0,1,0,1,0,NA,NA,NA,NA,NA,NA,NA,NA,NA,NA,NA,NA,NA,NA,NA,NA,NA,NA,NA,NA,NA,NA,NA,NA,NA,NA,NA,NA,NA,NA,NA,NA,NA,NA,NA,NA,NA,NA,NA,NA,NA,NA,NA,NA,NA,NA,NA,NA,NA,NA,NA,NA,NA,NA,NA,NA,NA,6,8,1,4,13,33.33
81,101,14.27,100,0,0,NA,Monolingual,M,18,EN,5,NA,5,113,NA,113,113,NA,5,NA,5,113,1,1,1,1,1,0,1,0,1,1,0,0,1,1,1,1,1,1,1,1,0,0,0,1,1,1,1,0,0,0,0,1,0,1,0,0,0,1,0,0,0,0,1,1,0,0,0,1,1,1,1,0,0,1,1,1,1,0,NA,NA,NA,NA,NA,NA,NA,NA,NA,NA,NA,NA,NA,NA,NA,NA,NA,NA,NA,NA,NA,NA,NA,NA,NA,NA,NA,NA,NA,NA,NA,NA,NA,NA,NA,NA,NA,NA,NA,NA,NA,NA,NA,NA,NA,NA,NA,NA,NA,NA,NA,NA,NA,NA,NA,NA,NA,8,12,3,10,25,57.89
82,103,14.13,0,100,0,NA,Monolingual,F,16,FR,37,NA,37,332,NA,332,NA,332,NA,37,37,332,NA,NA,NA,NA,NA,NA,NA,NA,NA,NA,NA,NA,NA,NA,NA,NA,NA,NA,NA,NA,NA,NA,NA,NA,NA,NA,NA,NA,NA,NA,NA,NA,NA,NA,NA,NA,NA,NA,NA,NA,NA,NA,NA,NA,NA,NA,NA,NA,NA,NA,NA,NA,NA,NA,NA,NA,NA,0,1,1,1,1,1,1,1,0,1,1,1,1,1,1,1,1,1,1,1,1,1,1,1,1,1,1,1,1,1,1,1,0,0,0,0,0,0,1,1,0,1,1,1,1,1,1,1,1,1,1,1,1,1,1,1,1,1,11,17,6,15,38,85.96
83,104,14.49,48,52,0,NA,Bilingual,M,16,FR,NA,3,3,NA,108,108,108,NA,3,NA,3,108,1,1,1,1,1,1,1,0,1,1,1,1,0,1,0,0,0,1,0,0,0,0,0,1,0,1,1,0,1,0,0,0,0,0,0,0,0,0,0,0,0,0,0,1,0,0,0,1,0,0,0,0,0,0,0,0,0,0,NA,NA,NA,NA,NA,NA,NA,NA,NA,NA,NA,NA,NA,NA,NA,NA,NA,NA,NA,NA,NA,NA,NA,NA,NA,NA,NA,NA,NA,NA,NA,NA,NA,NA,NA,NA,NA,NA,NA,NA,NA,NA,NA,NA,NA,NA,NA,NA,NA,NA,NA,NA,NA,NA,NA,NA,NA,11,6,0,2,8,33.33
84,105,14.10,0,100,0,NA,Monolingual,F,12,FR,11,NA,11,174,NA,174,NA,174,NA,11,11,174,NA,NA,NA,NA,NA,NA,NA,NA,NA,NA,NA,NA,NA,NA,NA,NA,NA,NA,NA,NA,NA,NA,NA,NA,NA,NA,NA,NA,NA,NA,NA,NA,NA,NA,NA,NA,NA,NA,NA,NA,NA,NA,NA,NA,NA,NA,NA,NA,NA,NA,NA,NA,NA,NA,NA,NA,NA,0,1,1,1,1,1,1,0,0,1,0,1,0,1,1,1,1,1,0,0,0,0,0,0,1,0,0,1,0,0,0,0,0,0,0,0,0,0,0,0,0,0,0,1,0,0,0,0,1,0,0,0,1,0,1,1,0,1,8,7,0,6,13,36.84
85,106,14.57,0,100,0,NA,Monolingual,F,13,FR,24,NA,24,121,NA,121,NA,121,NA,24,24,121,NA,NA,NA,NA,NA,NA,NA,NA,NA,NA,NA,NA,NA,NA,NA,NA,NA,NA,NA,NA,NA,NA,NA,NA,NA,NA,NA,NA,NA,NA,NA,NA,NA,NA,NA,NA,NA,NA,NA,NA,NA,NA,NA,NA,NA,NA,NA,NA,NA,NA,NA,NA,NA,NA,NA,NA,NA,0,1,1,1,0,1,1,0,1,1,1,1,0,1,1,1,1,1,1,1,0,0,1,0,1,0,1,1,0,0,1,0,0,0,1,0,0,0,1,0,0,1,0,0,0,0,0,1,1,0,0,0,0,0,0,1,1,1,9,11,4,5,20,50.88
86,107,14.74,90,10,0,NA,Monolingual,M,16,EN,59,NA,59,342,NA,342,342,NA,59,NA,59,342,1,1,1,1,1,0,0,0,1,1,1,1,1,1,1,1,1,1,1,0,1,1,0,1,0,1,1,1,1,0,0,1,1,0,0,1,0,0,1,0,1,0,1,1,1,0,0,1,0,1,0,1,0,1,1,0,1,0,NA,NA,NA,NA,NA,NA,NA,NA,NA,NA,NA,NA,NA,NA,NA,NA,NA,NA,NA,NA,NA,NA,NA,NA,NA,NA,NA,NA,NA,NA,NA,NA,NA,NA,NA,NA,NA,NA,NA,NA,NA,NA,NA,NA,NA,NA,NA,NA,NA,NA,NA,NA,NA,NA,NA,NA,NA,9,14,5,9,28,64.91
87,108,14.84,92,7,1,NA,Monolingual,F,12,EN,23,NA,23,103,NA,103,103,NA,23,NA,23,103,1,1,1,1,1,1,1,1,1,1,0,0,1,1,1,1,0,1,1,0,1,0,0,1,0,1,1,0,0,0,0,0,0,0,0,0,0,0,0,0,0,0,1,0,0,0,0,1,0,0,1,0,0,0,0,0,0,0,NA,NA,NA,NA,NA,NA,NA,NA,NA,NA,NA,NA,NA,NA,NA,NA,NA,NA,NA,NA,NA,NA,NA,NA,NA,NA,NA,NA,NA,NA,NA,NA,NA,NA,NA,NA,NA,NA,NA,NA,NA,NA,NA,NA,NA,NA,NA,NA,NA,NA,NA,NA,NA,NA,NA,NA,NA,10,10,0,3,13,40.35
88,109,14.26,78,22,0,NA,Exposed,F,13,EN,2,0,0,50,26,26,50,26,2,0,2,76,1,1,1,1,1,1,0,0,1,1,1,0,1,1,0,1,0,1,0,0,1,0,0,1,0,1,1,0,0,0,0,0,0,0,0,0,0,1,0,0,0,0,1,1,1,1,0,1,0,0,1,0,0,1,1,1,1,1,1,1,1,1,1,1,0,0,1,1,1,0,1,1,0,1,1,1,0,0,1,0,0,1,0,1,1,0,0,0,0,0,0,0,0,0,0,1,0,0,0,0,1,0,1,1,0,1,0,0,1,0,0,1,1,1,1,9,8,1,10,19,49.12
89,111,14.48,0,100,0,NA,Monolingual,F,16,FR,15,NA,15,119,NA,119,NA,119,NA,15,15,119,NA,NA,NA,NA,NA,NA,NA,NA,NA,NA,NA,NA,NA,NA,NA,NA,NA,NA,NA,NA,NA,NA,NA,NA,NA,NA,NA,NA,NA,NA,NA,NA,NA,NA,NA,NA,NA,NA,NA,NA,NA,NA,NA,NA,NA,NA,NA,NA,NA,NA,NA,NA,NA,NA,NA,NA,NA,0,1,1,1,1,1,1,0,0,1,1,0,0,1,0,0,1,0,1,1,0,0,1,0,1,0,1,1,0,0,0,0,0,0,0,0,0,0,1,0,0,1,0,0,0,0,0,0,1,0,0,1,0,0,0,0,0,1,8,8,2,3,13,36.84
90,112,15.16,13,79,8,Russian,Exposed,M,16,FR,9,NA,NA,76,NA,NA,NA,76,NA,9,9,76,NA,NA,NA,NA,NA,NA,NA,NA,NA,NA,NA,NA,NA,NA,NA,NA,NA,NA,NA,NA,NA,NA,NA,NA,NA,NA,NA,NA,NA,NA,NA,NA,NA,NA,NA,NA,NA,NA,NA,NA,NA,NA,NA,NA,NA,NA,NA,NA,NA,NA,NA,NA,NA,NA,NA,NA,NA,0,1,1,1,1,1,1,0,0,1,0,1,0,1,1,1,1,0,1,0,0,1,0,0,1,0,1,1,0,0,0,0,0,0,0,0,0,0,0,0,0,0,0,1,0,0,0,0,1,0,0,1,0,0,0,0,0,1,8,9,0,4,13,36.84
91,115,13.90,100,0,0,NA,Monolingual,M,16,EN,9,NA,9,51,NA,51,51,NA,9,NA,9,51,1,1,1,1,1,1,0,0,1,0,0,0,1,1,0,1,0,0,0,0,0,0,0,1,0,1,1,0,0,0,0,0,0,0,1,0,0,1,0,0,1,0,0,1,0,0,1,1,0,0,1,1,0,0,0,0,0,0,NA,NA,NA,NA,NA,NA,NA,NA,NA,NA,NA,NA,NA,NA,NA,NA,NA,NA,NA,NA,NA,NA,NA,NA,NA,NA,NA,NA,NA,NA,NA,NA,NA,NA,NA,NA,NA,NA,NA,NA,NA,NA,NA,NA,NA,NA,NA,NA,NA,NA,NA,NA,NA,NA,NA,NA,NA,7,6,3,5,14,36.84
92,116,14.48,59,41,0,NA,Bilingual,F,18,EN,35,26,26,186,135,135,186,135,35,26,61,321,1,1,1,1,1,0,0,0,1,0,1,0,1,1,1,1,1,1,0,0,0,0,0,1,1,0,0,0,0,0,0,0,0,0,0,0,0,1,0,1,0,0,0,1,0,0,1,1,0,0,1,0,0,1,1,0,0,0,NA,NA,NA,NA,NA,NA,NA,NA,NA,NA,NA,NA,NA,NA,NA,NA,NA,NA,NA,NA,NA,NA,NA,NA,NA,NA,NA,NA,NA,NA,NA,NA,NA,NA,NA,NA,NA,NA,NA,NA,NA,NA,NA,NA,NA,NA,NA,NA,NA,NA,NA,NA,NA,NA,NA,NA,NA,7,8,2,6,16,40.35
93,117,13.77,0,100,0,NA,Monolingual,M,18,FR,5,NA,5,101,NA,101,NA,101,NA,5,5,101,NA,NA,NA,NA,NA,NA,NA,NA,NA,NA,NA,NA,NA,NA,NA,NA,NA,NA,NA,NA,NA,NA,NA,NA,NA,NA,NA,NA,NA,NA,NA,NA,NA,NA,NA,NA,NA,NA,NA,NA,NA,NA,NA,NA,NA,NA,NA,NA,NA,NA,NA,NA,NA,NA,NA,NA,NA,0,1,1,1,1,1,1,0,0,1,0,1,0,1,1,0,0,0,0,0,0,0,0,0,0,0,1,1,1,0,0,0,0,0,0,0,0,0,1,0,0,1,0,0,0,1,0,1,1,0,0,1,0,0,0,1,0,0,8,5,2,5,12,35.09
94,119,15.23,100,0,0,NA,Monolingual,M,18,EN,62,NA,62,194,NA,194,194,NA,62,NA,62,194,1,1,1,1,1,1,1,0,1,0,0,0,1,1,1,1,1,1,1,0,0,1,0,1,1,1,1,1,1,1,0,0,1,0,1,1,0,1,0,0,1,0,1,1,1,0,1,1,0,0,1,1,1,1,1,1,1,0,NA,NA,NA,NA,NA,NA,NA,NA,NA,NA,NA,NA,NA,NA,NA,NA,NA,NA,NA,NA,NA,NA,NA,NA,NA,NA,NA,NA,NA,NA,NA,NA,NA,NA,NA,NA,NA,NA,NA,NA,NA,NA,NA,NA,NA,NA,NA,NA,NA,NA,NA,NA,NA,NA,NA,NA,NA,8,14,6,12,32,70.18
95,120,14.26,51,47,3,Arabic,Bilingual,F,21,EN,3,6,6,32,41,41,32,41,3,6,9,73,1,1,1,1,1,0,0,0,1,0,0,0,1,1,1,0,0,1,0,0,1,0,0,1,0,1,0,0,0,0,0,0,0,0,0,0,0,1,0,0,0,0,0,1,0,0,0,1,0,0,1,0,0,0,1,0,0,1,1,1,1,1,1,0,0,0,0,0,0,0,1,1,1,0,0,0,0,0,1,0,0,1,0,0,0,0,0,0,0,0,0,0,0,0,0,1,0,0,0,0,0,0,1,0,0,1,0,0,1,0,0,0,1,0,0,6,7,1,4,12,31.58
96,125,13.94,79,21,0,NA,Exposed,F,18,EN,3,NA,NA,45,NA,NA,45,NA,3,NA,3,45,1,1,1,1,1,1,0,0,1,1,1,0,0,1,1,1,1,1,0,0,0,0,0,1,0,1,1,0,0,0,0,0,0,0,0,1,0,1,0,0,1,0,1,1,0,0,0,1,0,0,1,0,0,1,0,0,0,0,NA,NA,NA,NA,NA,NA,NA,NA,NA,NA,NA,NA,NA,NA,NA,NA,NA,NA,NA,NA,NA,NA,NA,NA,NA,NA,NA,NA,NA,NA,NA,NA,NA,NA,NA,NA,NA,NA,NA,NA,NA,NA,NA,NA,NA,NA,NA,NA,NA,NA,NA,NA,NA,NA,NA,NA,NA,9,8,3,5,16,43.86
97,126,14.40,96,5,0,NA,Monolingual,F,16,EN,6,NA,6,85,NA,85,85,NA,6,NA,6,85,1,1,1,1,1,1,0,0,1,0,1,1,1,1,1,0,1,1,1,0,0,0,0,1,1,1,1,0,0,0,0,0,0,0,0,0,0,1,0,0,1,0,1,0,1,0,0,1,0,0,1,1,0,1,0,1,1,0,NA,NA,NA,NA,NA,NA,NA,NA,NA,NA,NA,NA,NA,NA,NA,NA,NA,NA,NA,NA,NA,NA,NA,NA,NA,NA,NA,NA,NA,NA,NA,NA,NA,NA,NA,NA,NA,NA,NA,NA,NA,NA,NA,NA,NA,NA,NA,NA,NA,NA,NA,NA,NA,NA,NA,NA,NA,9,10,2,8,20,50.88
98,127,14.23,100,0,0,NA,Monolingual,M,21,EN,5,NA,5,138,NA,138,138,NA,5,NA,5,138,1,1,1,1,1,1,1,0,1,1,1,0,1,1,1,1,1,1,1,0,1,1,0,1,0,1,1,0,0,0,0,0,0,0,0,0,0,1,0,0,1,0,0,1,0,0,1,1,0,0,1,0,0,1,1,0,1,0,NA,NA,NA,NA,NA,NA,NA,NA,NA,NA,NA,NA,NA,NA,NA,NA,NA,NA,NA,NA,NA,NA,NA,NA,NA,NA,NA,NA,NA,NA,NA,NA,NA,NA,NA,NA,NA,NA,NA,NA,NA,NA,NA,NA,NA,NA,NA,NA,NA,NA,NA,NA,NA,NA,NA,NA,NA,10,12,2,7,21,54.39
99,129,13.97,0,100,0,NA,Monolingual,M,18,FR,1,NA,1,137,NA,137,NA,137,NA,1,1,137,NA,NA,NA,NA,NA,NA,NA,NA,NA,NA,NA,NA,NA,NA,NA,NA,NA,NA,NA,NA,NA,NA,NA,NA,NA,NA,NA,NA,NA,NA,NA,NA,NA,NA,NA,NA,NA,NA,NA,NA,NA,NA,NA,NA,NA,NA,NA,NA,NA,NA,NA,NA,NA,NA,NA,NA,NA,0,1,1,1,1,1,0,0,0,1,0,1,0,1,1,1,1,0,1,1,1,1,0,0,1,0,1,1,1,0,0,0,0,0,0,0,0,0,0,0,0,0,0,0,0,1,1,1,1,0,0,0,1,0,0,1,0,1,7,12,0,7,19,45.61
100,130,14.42,96,4,0,NA,Monolingual,M,13,EN,9,NA,9,70,NA,70,70,NA,9,NA,9,70,1,1,1,1,1,1,0,0,1,1,0,0,1,1,0,1,0,0,1,0,0,0,0,0,0,1,1,0,1,0,0,0,0,0,0,0,0,0,0,0,0,0,0,0,1,0,0,1,1,1,1,1,0,1,1,1,0,0,NA,NA,NA,NA,NA,NA,NA,NA,NA,NA,NA,NA,NA,NA,NA,NA,NA,NA,NA,NA,NA,NA,NA,NA,NA,NA,NA,NA,NA,NA,NA,NA,NA,NA,NA,NA,NA,NA,NA,NA,NA,NA,NA,NA,NA,NA,NA,NA,NA,NA,NA,NA,NA,NA,NA,NA,NA,8,7,0,9,16,42.11
101,131,14.42,80,20,0,NA,Exposed,F,18,EN,10,NA,NA,22,NA,NA,22,NA,10,NA,10,22,1,1,1,1,1,0,0,0,1,1,1,1,1,1,1,0,1,1,1,1,1,1,0,1,0,1,1,0,1,0,0,0,0,1,0,0,1,1,1,0,1,0,1,0,0,0,0,1,0,0,1,0,0,1,1,0,0,0,NA,NA,NA,NA,NA,NA,NA,NA,NA,NA,NA,NA,NA,NA,NA,NA,NA,NA,NA,NA,NA,NA,NA,NA,NA,NA,NA,NA,NA,NA,NA,NA,NA,NA,NA,NA,NA,NA,NA,NA,NA,NA,NA,NA,NA,NA,NA,NA,NA,NA,NA,NA,NA,NA,NA,NA,NA,9,13,5,5,23,56.14
102,132,14.96,5,95,0,NA,Monolingual,F,16,FR,47,NA,47,216,NA,216,NA,216,NA,47,47,216,NA,NA,NA,NA,NA,NA,NA,NA,NA,NA,NA,NA,NA,NA,NA,NA,NA,NA,NA,NA,NA,NA,NA,NA,NA,NA,NA,NA,NA,NA,NA,NA,NA,NA,NA,NA,NA,NA,NA,NA,NA,NA,NA,NA,NA,NA,NA,NA,NA,NA,NA,NA,NA,NA,NA,NA,NA,0,1,1,1,1,1,1,1,1,1,1,1,0,1,1,0,1,1,1,1,0,1,1,0,1,0,1,1,1,1,0,1,0,0,0,0,0,0,1,0,0,1,0,0,1,1,0,0,1,0,0,1,0,0,0,1,0,0,11,13,3,5,21,56.14
103,135,14.82,70,30,0,NA,Bilingual,F,16,EN,10,4,4,142,131,131,142,131,10,4,14,273,1,1,1,1,1,1,1,1,1,1,1,0,1,0,1,0,0,1,1,1,0,1,0,1,1,1,1,1,1,0,0,0,0,0,0,1,0,1,0,0,0,0,0,1,0,0,0,1,1,0,1,1,0,1,1,0,1,1,1,1,1,1,1,1,1,1,1,1,1,0,1,0,1,1,0,1,1,1,0,0,0,1,1,1,1,0,1,0,0,0,0,0,0,1,0,1,0,0,0,0,0,0,1,0,0,1,1,0,1,1,0,1,1,0,1,11,12,2,8,22,57.89
104,136,14.39,59,42,0,NA,Bilingual,F,21,EN,11,0,0,44,22,22,44,22,11,0,11,66,1,1,1,1,1,1,1,0,0,0,1,1,0,1,1,1,0,1,1,0,0,1,0,1,0,0,1,0,0,0,0,0,0,0,0,0,0,0,0,0,0,0,0,1,0,0,1,1,0,0,0,1,0,0,1,0,0,1,1,1,1,0,0,0,0,1,1,1,0,0,0,1,1,1,0,1,1,0,0,1,0,1,0,0,1,0,0,0,0,0,0,0,0,0,0,0,0,0,0,0,0,0,1,0,1,1,0,0,0,1,0,0,1,0,0,9,8,0,5,13,33.33
105,137,13.82,68,32,0,NA,Bilingual,F,12,EN,5,0,0,127,52,52,127,52,5,0,5,179,NA,NA,NA,NA,NA,NA,NA,NA,NA,NA,NA,NA,NA,NA,NA,NA,NA,NA,NA,NA,NA,NA,NA,NA,NA,NA,NA,NA,NA,NA,NA,NA,NA,NA,NA,NA,NA,NA,NA,NA,NA,NA,NA,NA,NA,NA,NA,NA,NA,NA,NA,NA,NA,NA,NA,NA,NA,0,1,1,0,1,1,0,0,0,1,1,0,0,1,1,1,1,0,1,1,0,0,0,0,1,0,1,1,0,0,0,1,0,1,1,0,0,0,0,0,0,1,0,0,0,0,0,1,1,0,0,0,0,1,0,1,0,1,6,9,4,5,18,42.11
106,138,14.61,44,56,0,NA,Bilingual,F,18,FR,19,5,5,71,34,34,34,71,5,19,24,105,NA,NA,NA,NA,NA,NA,NA,NA,NA,NA,NA,NA,NA,NA,NA,NA,NA,NA,NA,NA,NA,NA,NA,NA,NA,NA,NA,NA,NA,NA,NA,NA,NA,NA,NA,NA,NA,NA,NA,NA,NA,NA,NA,NA,NA,NA,NA,NA,NA,NA,NA,NA,NA,NA,NA,NA,NA,0,1,1,1,1,1,1,1,0,1,1,1,1,1,1,1,0,1,1,1,1,0,0,0,1,0,1,1,0,0,1,1,0,0,0,0,1,1,1,0,0,1,0,0,0,1,0,1,1,0,0,1,0,0,1,0,0,1,11,10,6,6,22,57.89
107,140,14.80,27,73,0,NA,Bilingual,M,13,FR,9,4,4,46,34,34,34,46,4,9,13,80,1,1,1,1,1,1,0,0,1,1,1,1,1,1,0,1,0,1,1,1,1,1,0,1,0,1,1,0,0,0,0,0,0,0,0,0,0,1,0,0,0,0,1,1,1,0,1,1,1,0,1,1,0,0,0,0,1,0,NA,NA,NA,NA,NA,NA,NA,NA,NA,NA,NA,NA,NA,NA,NA,NA,NA,NA,NA,NA,NA,NA,NA,NA,NA,NA,NA,NA,NA,NA,NA,NA,NA,NA,NA,NA,NA,NA,NA,NA,NA,NA,NA,NA,NA,NA,NA,NA,NA,NA,NA,NA,NA,NA,NA,NA,NA,10,11,1,9,21,54.39
108,141,14.31,57,35,8,Spanish,Bilingual,M,13,EN,1,2,2,66,34,34,66,34,1,2,3,100,1,1,1,1,1,1,0,0,1,1,1,0,1,1,1,1,0,1,0,1,0,1,0,0,0,1,1,0,1,0,0,0,1,1,0,0,0,1,0,0,1,0,1,1,0,0,1,1,1,1,1,1,0,1,0,0,0,0,NA,NA,NA,NA,NA,NA,NA,NA,NA,NA,NA,NA,NA,NA,NA,NA,NA,NA,NA,NA,NA,NA,NA,NA,NA,NA,NA,NA,NA,NA,NA,NA,NA,NA,NA,NA,NA,NA,NA,NA,NA,NA,NA,NA,NA,NA,NA,NA,NA,NA,NA,NA,NA,NA,NA,NA,NA,9,10,4,9,23,56.14
109,142,14.65,73,27,0,NA,Bilingual,M,16,EN,5,5,5,159,117,117,159,117,5,5,10,276,1,1,1,1,1,1,0,0,1,0,0,1,1,1,1,1,1,1,1,0,1,0,0,1,0,1,1,0,1,0,0,0,0,0,0,0,0,0,0,0,0,0,1,1,1,0,0,1,1,0,1,0,0,1,1,1,1,1,1,1,1,1,1,1,0,0,1,0,0,1,1,1,1,1,1,1,1,0,1,0,0,1,0,1,1,0,1,0,0,0,0,0,0,0,0,0,0,0,0,0,1,0,1,0,0,1,1,0,1,0,0,0,1,1,0,8,12,0,10,22,52.63
110,143,15.03,82,18,0,NA,Exposed,F,16,EN,20,4,4,99,12,12,99,12,20,4,24,111,1,1,1,1,1,1,1,1,1,1,1,1,1,1,1,0,0,1,0,1,1,0,0,1,1,1,1,0,1,0,1,0,0,0,1,0,1,1,0,0,0,0,1,1,0,0,0,1,1,0,1,0,0,1,1,1,0,1,1,1,1,1,1,0,0,1,1,1,1,1,1,1,1,0,0,1,0,1,1,0,0,1,1,1,1,0,1,0,1,0,0,0,1,0,1,1,0,0,0,0,1,0,1,0,0,1,1,0,1,1,0,1,1,1,0,12,11,4,8,23,61.40
111,144,15.03,70,30,0,NA,Bilingual,F,18,EN,21,4,4,146,44,44,146,44,21,4,25,190,1,1,1,1,1,1,0,1,1,1,1,1,1,1,1,1,1,1,1,0,0,1,0,1,0,1,1,0,0,0,0,0,0,0,0,0,0,1,0,0,0,0,0,0,0,0,1,1,0,0,1,0,0,1,1,0,1,0,NA,NA,NA,NA,NA,NA,NA,NA,NA,NA,NA,NA,NA,NA,NA,NA,NA,NA,NA,NA,NA,NA,NA,NA,NA,NA,NA,NA,NA,NA,NA,NA,NA,NA,NA,NA,NA,NA,NA,NA,NA,NA,NA,NA,NA,NA,NA,NA,NA,NA,NA,NA,NA,NA,NA,NA,NA,11,11,1,6,18,50.88
112,145,14.74,45.4,54.6,0,NA,Bilingual,F,18,FR,0,0,0,22,15,15,15,22,0,0,0,37,1,1,1,1,1,1,0,0,1,0,1,0,1,1,1,1,0,0,0,0,0,1,0,1,0,1,1,0,0,0,0,0,0,1,1,0,1,1,0,0,1,0,1,0,1,0,1,1,0,0,1,1,0,1,1,0,0,0,1,1,1,1,1,1,0,0,1,0,1,0,1,1,1,1,0,0,0,0,1,1,0,1,0,1,1,0,0,0,0,0,0,1,1,0,1,1,0,0,1,0,1,0,1,0,1,1,0,0,1,1,0,1,1,0,0,8,9,5,8,22,52.63
113,146,15.21,99.5,0.5,0,NA,Monolingual,M,21,EN,6,NA,6,179,NA,179,179,NA,6,NA,6,179,1,1,1,1,1,1,1,0,0,0,1,0,0,1,1,1,0,1,0,0,1,0,1,1,0,1,1,0,1,0,0,1,0,0,0,0,0,1,1,0,1,0,1,1,0,0,1,1,1,0,1,1,0,1,1,0,0,0,NA,NA,NA,NA,NA,NA,NA,NA,NA,NA,NA,NA,NA,NA,NA,NA,NA,NA,NA,NA,NA,NA,NA,NA,NA,NA,NA,NA,NA,NA,NA,NA,NA,NA,NA,NA,NA,NA,NA,NA,NA,NA,NA,NA,NA,NA,NA,NA,NA,NA,NA,NA,NA,NA,NA,NA,NA,8,10,4,9,23,54.39
114,147,14.84,79,21,0,NA,Exposed,F,18,EN,18,14,14,292,139,139,292,139,18,14,32,431,NA,NA,NA,NA,NA,NA,NA,NA,NA,NA,NA,NA,NA,NA,NA,NA,NA,NA,NA,NA,NA,NA,NA,NA,NA,NA,NA,NA,NA,NA,NA,NA,NA,NA,NA,NA,NA,NA,NA,NA,NA,NA,NA,NA,NA,NA,NA,NA,NA,NA,NA,NA,NA,NA,NA,NA,NA,0,1,1,1,1,1,1,1,1,1,1,1,1,1,1,1,1,1,1,1,1,1,1,0,1,1,1,1,0,0,1,1,0,0,0,0,1,1,1,1,0,1,0,0,1,1,0,1,1,0,0,1,1,0,1,1,0,1,12,14,7,9,30,73.68
115,148,14.81,27.5,72.5,0,NA,Bilingual,F,16,FR,31,2,2,247,30,30,30,247,2,31,33,277,NA,NA,NA,NA,NA,NA,NA,NA,NA,NA,NA,NA,NA,NA,NA,NA,NA,NA,NA,NA,NA,NA,NA,NA,NA,NA,NA,NA,NA,NA,NA,NA,NA,NA,NA,NA,NA,NA,NA,NA,NA,NA,NA,NA,NA,NA,NA,NA,NA,NA,NA,NA,NA,NA,NA,NA,NA,0,1,1,1,1,1,0,0,0,1,0,1,0,1,1,1,0,1,1,1,0,0,0,0,1,0,1,1,1,0,0,0,0,0,0,0,0,0,1,0,0,0,0,0,0,0,0,1,1,0,0,0,0,0,0,1,1,1,7,10,1,5,16,40.35
116,149,14.26,64,36,0,NA,Bilingual,M,16,EN,0,0,0,74,49,49,74,49,0,0,0,123,1,1,1,1,1,1,0,0,1,0,0,1,1,1,0,0,1,0,0,0,1,0,0,1,0,1,1,0,0,0,1,0,0,0,0,1,0,1,0,0,1,0,1,1,0,1,1,1,1,0,1,1,0,1,0,0,0,0,NA,NA,NA,NA,NA,NA,NA,NA,NA,NA,NA,NA,NA,NA,NA,NA,NA,NA,NA,NA,NA,NA,NA,NA,NA,NA,NA,NA,NA,NA,NA,NA,NA,NA,NA,NA,NA,NA,NA,NA,NA,NA,NA,NA,NA,NA,NA,NA,NA,NA,NA,NA,NA,NA,NA,NA,NA,8,7,4,9,20,49.12
117,150,13.88,17,83,0,NA,Exposed,M,13,FR,16,5,5,57,27,27,27,57,5,16,21,84,1,1,1,1,1,1,0,0,0,1,1,0,1,1,1,1,1,0,1,0,0,1,0,1,0,1,1,1,0,0,0,1,1,1,0,0,0,1,1,1,1,0,1,1,0,0,1,1,0,0,1,1,0,1,1,1,0,1,1,1,1,1,1,1,0,0,0,1,1,0,1,1,1,1,1,0,1,0,0,1,0,1,0,1,1,1,0,0,0,1,1,0,0,0,0,1,0,1,1,0,1,0,0,0,1,1,0,0,1,1,0,1,1,1,0,8,11,5,8,24,56.14
118,151,14.02,21,79,0,NA,Exposed,F,18,FR,9,5,5,167,97,97,97,167,5,9,14,264,1,0,1,1,1,0,0,0,0,1,1,0,1,1,0,0,0,1,0,0,0,0,0,1,0,1,1,0,0,0,0,0,0,0,0,0,0,0,0,0,1,0,0,0,0,0,0,1,0,0,1,0,0,0,0,0,0,0,NA,NA,NA,NA,NA,NA,NA,NA,NA,NA,NA,NA,NA,NA,NA,NA,NA,NA,NA,NA,NA,NA,NA,NA,NA,NA,NA,NA,NA,NA,NA,NA,NA,NA,NA,NA,NA,NA,NA,NA,NA,NA,NA,NA,NA,NA,NA,NA,NA,NA,NA,NA,NA,NA,NA,NA,NA,6,6,1,2,9,26.32
119,152,14.60,58,42,0,NA,Bilingual,F,11,EN,1,0,0,203,263,263,203,263,1,0,1,466,NA,NA,NA,NA,NA,NA,NA,NA,NA,NA,NA,NA,NA,NA,NA,NA,NA,NA,NA,NA,NA,NA,NA,NA,NA,NA,NA,NA,NA,NA,NA,NA,NA,NA,NA,NA,NA,NA,NA,NA,NA,NA,NA,NA,NA,NA,NA,NA,NA,NA,NA,NA,NA,NA,NA,NA,NA,0,1,1,1,1,1,1,1,0,1,0,1,0,1,1,0,1,1,1,0,1,0,0,0,1,0,1,1,0,0,0,0,0,0,0,0,1,0,0,0,0,0,0,1,0,1,0,1,1,0,0,0,0,0,1,0,0,1,9,9,1,6,16,43.86
120,153,14.07,73,27,0,NA,Bilingual,F,12,EN,7,2,2,152,109,109,152,109,7,2,9,261,1,1,1,1,1,1,0,0,1,1,1,1,1,1,1,0,1,1,1,0,1,0,0,1,0,1,1,0,0,0,1,1,0,0,1,0,0,1,0,1,1,0,0,0,0,0,1,1,0,0,1,0,0,1,0,0,0,1,1,1,1,1,1,1,0,0,1,1,1,0,1,1,1,0,1,0,0,0,1,0,0,1,0,1,1,0,0,0,1,0,0,0,0,0,0,1,0,1,0,0,0,0,1,0,1,1,0,0,1,0,0,0,0,0,0,10,10,6,4,20,52.63
121,154,14.32,69,31,0,NA,Bilingual,F,13,EN,15,11,11,106,132,132,106,132,15,11,26,238,1,1,1,1,1,1,1,0,1,1,1,0,1,1,1,1,0,1,1,0,1,1,0,0,0,1,1,1,1,0,0,0,0,0,0,0,0,0,0,0,1,0,1,1,0,0,0,1,0,0,1,1,0,1,1,0,1,0,NA,NA,NA,NA,NA,NA,NA,NA,NA,NA,NA,NA,NA,NA,NA,NA,NA,NA,NA,NA,NA,NA,NA,NA,NA,NA,NA,NA,NA,NA,NA,NA,NA,NA,NA,NA,NA,NA,NA,NA,NA,NA,NA,NA,NA,NA,NA,NA,NA,NA,NA,NA,NA,NA,NA,NA,NA,10,12,1,8,21,54.39
122,155,14.73,33,67,0,NA,Bilingual,F,18,FR,0,2,2,84,118,118,118,84,2,0,2,202,1,1,1,1,1,1,0,0,1,1,1,0,1,1,1,0,1,1,1,1,1,0,0,1,1,1,1,0,1,0,0,1,0,0,0,1,0,1,0,1,1,1,1,0,0,0,1,1,0,0,1,1,0,1,1,1,0,1,1,1,1,1,1,1,1,0,1,1,1,0,1,0,1,0,1,1,1,1,0,1,0,1,0,1,1,0,0,0,0,0,0,0,0,0,0,0,0,0,0,0,0,0,0,0,0,1,0,0,1,1,0,1,1,0,0,10,10,0,5,15,43.86
123,156,14.81,26,74,0,NA,Bilingual,F,13,FR,NA,112,112,NA,359,359,359,NA,112,NA,112,359,1,1,1,1,1,1,1,1,1,1,1,1,1,1,1,1,1,1,1,1,1,1,0,1,1,1,1,1,1,1,1,1,1,1,1,1,1,1,1,1,1,1,1,0,1,0,1,1,1,0,1,1,0,1,1,0,1,0,NA,NA,NA,NA,NA,NA,NA,NA,NA,NA,NA,NA,NA,NA,NA,NA,NA,NA,NA,NA,NA,NA,NA,NA,NA,NA,NA,NA,NA,NA,NA,NA,NA,NA,NA,NA,NA,NA,NA,NA,NA,NA,NA,NA,NA,NA,NA,NA,NA,NA,NA,NA,NA,NA,NA,NA,NA,12,16,13,10,39,89.47
124,157,13.90,35,60,5,Creole,Bilingual,M,11,FR,8,5,5,76,53,53,53,76,5,8,13,129,1,1,0,1,1,0,0,0,1,1,1,0,1,1,0,0,0,0,0,0,1,0,0,0,0,1,0,0,1,0,0,0,0,0,1,0,0,0,0,0,0,0,1,1,0,0,1,1,0,0,1,0,0,0,0,0,0,0,NA,NA,NA,NA,NA,NA,NA,NA,NA,NA,NA,NA,NA,NA,NA,NA,NA,NA,NA,NA,NA,NA,NA,NA,NA,NA,NA,NA,NA,NA,NA,NA,NA,NA,NA,NA,NA,NA,NA,NA,NA,NA,NA,NA,NA,NA,NA,NA,NA,NA,NA,NA,NA,NA,NA,NA,NA,7,5,1,5,11,31.58
125,158,14.00,68,25,7,Italian,Bilingual,M,16,EN,8,0,0,177,88,88,177,88,8,0,8,265,1,1,1,1,1,1,1,0,1,1,0,0,1,1,0,1,0,0,0,1,0,0,0,1,0,1,1,1,1,0,0,0,0,0,0,0,0,0,0,0,0,0,0,1,0,1,1,1,0,0,1,1,0,1,1,1,0,0,NA,NA,NA,NA,NA,NA,NA,NA,NA,NA,NA,NA,NA,NA,NA,NA,NA,NA,NA,NA,NA,NA,NA,NA,NA,NA,NA,NA,NA,NA,NA,NA,NA,NA,NA,NA,NA,NA,NA,NA,NA,NA,NA,NA,NA,NA,NA,NA,NA,NA,NA,NA,NA,NA,NA,NA,NA,9,9,0,9,18,47.37
126,159,13.87,68,32,0,NA,Bilingual,M,12,EN,5,2,2,20,5,5,20,5,5,2,7,25,1,1,1,1,1,1,0,0,1,0,1,0,1,1,1,1,1,0,1,0,0,1,0,1,0,1,1,0,0,0,0,0,0,0,0,0,0,0,0,0,0,0,0,0,0,0,1,0,0,0,1,1,0,0,1,0,0,1,1,1,1,1,1,1,0,0,0,0,0,0,1,1,1,0,1,1,0,0,0,1,0,1,0,1,1,0,0,0,0,0,0,0,0,0,0,0,0,0,0,0,0,0,0,0,1,0,0,0,1,0,0,0,0,0,0,8,10,0,4,14,38.60
127,161,15.16,36,64,0,NA,Bilingual,F,16,FR,0,2,2,23,31,31,31,23,2,0,2,54,1,1,1,1,1,1,1,0,1,0,1,0,1,1,1,1,1,1,1,1,0,0,0,1,0,1,1,0,0,0,0,0,0,0,0,0,1,1,0,0,0,0,0,0,0,0,0,1,0,0,1,1,0,0,1,0,1,0,NA,NA,NA,NA,NA,NA,NA,NA,NA,NA,NA,NA,NA,NA,NA,NA,NA,NA,NA,NA,NA,NA,NA,NA,NA,NA,NA,NA,NA,NA,NA,NA,NA,NA,NA,NA,NA,NA,NA,NA,NA,NA,NA,NA,NA,NA,NA,NA,NA,NA,NA,NA,NA,NA,NA,NA,NA,9,11,2,5,18,47.37
128,162,14.33,29,71,0,NA,Bilingual,M,21,FR,1,1,1,50,19,19,19,50,1,1,2,69,1,1,1,1,1,1,0,0,1,1,1,0,1,1,0,1,1,0,0,0,0,0,0,1,0,1,1,0,0,0,0,0,0,0,0,0,0,0,0,0,0,0,1,1,0,0,1,1,0,0,1,1,0,1,0,0,0,1,1,1,1,1,1,1,0,0,1,0,0,0,1,1,1,1,0,1,0,0,0,0,0,1,0,1,1,0,0,0,0,0,0,0,0,0,0,0,0,0,0,0,1,0,1,0,1,1,0,0,1,0,0,1,0,0,0,7,8,0,6,14,36.84
129,163,14.43,38,62,0,NA,Bilingual,F,13,FR,7,3,3,114,84,84,84,114,3,7,10,198,1,1,1,1,1,1,0,0,1,1,0,0,1,1,1,1,1,1,1,0,0,0,0,1,1,1,1,1,1,1,0,0,0,0,1,1,0,1,0,0,0,0,0,1,1,0,0,1,0,0,0,0,0,0,0,0,0,1,1,1,1,1,1,1,0,0,1,1,0,0,1,0,1,0,1,1,1,0,0,0,0,1,1,1,1,1,1,0,0,0,0,0,0,1,1,1,0,0,0,0,0,1,1,0,0,1,0,0,0,0,0,0,1,0,0,8,11,3,4,18,45.61
130,164,15.10,76,24,0,NA,Exposed,M,12,EN,5,NA,NA,151,NA,NA,151,NA,5,NA,5,151,1,1,1,1,1,1,0,0,1,0,1,1,1,1,1,1,1,0,0,0,0,0,0,0,0,1,1,1,1,0,0,0,0,0,0,0,0,0,0,0,0,0,1,0,1,0,0,1,0,0,0,0,0,1,1,0,1,0,NA,NA,NA,NA,NA,NA,NA,NA,NA,NA,NA,NA,NA,NA,NA,NA,NA,NA,NA,NA,NA,NA,NA,NA,NA,NA,NA,NA,NA,NA,NA,NA,NA,NA,NA,NA,NA,NA,NA,NA,NA,NA,NA,NA,NA,NA,NA,NA,NA,NA,NA,NA,NA,NA,NA,NA,NA,9,9,0,6,15,42.11
131,165,14.70,77,23,0,NA,Exposed,F,21,EN,17,NA,NA,214,NA,NA,214,NA,17,NA,17,214,1,1,1,1,1,1,1,0,1,1,0,1,1,1,1,1,1,1,1,1,0,0,0,1,1,1,1,0,1,0,0,0,0,1,0,1,0,1,1,0,0,0,1,0,0,0,0,1,1,0,1,0,0,1,1,1,1,0,NA,NA,NA,NA,NA,NA,NA,NA,NA,NA,NA,NA,NA,NA,NA,NA,NA,NA,NA,NA,NA,NA,NA,NA,NA,NA,NA,NA,NA,NA,NA,NA,NA,NA,NA,NA,NA,NA,NA,NA,NA,NA,NA,NA,NA,NA,NA,NA,NA,NA,NA,NA,NA,NA,NA,NA,NA,10,13,4,8,25,61.40
132,166,14.90,24,76,0,NA,Exposed,F,18,FR,82,13,13,188,30,30,30,188,13,82,95,218,NA,NA,NA,NA,NA,NA,NA,NA,NA,NA,NA,NA,NA,NA,NA,NA,NA,NA,NA,NA,NA,NA,NA,NA,NA,NA,NA,NA,NA,NA,NA,NA,NA,NA,NA,NA,NA,NA,NA,NA,NA,NA,NA,NA,NA,NA,NA,NA,NA,NA,NA,NA,NA,NA,NA,NA,NA,0,1,1,1,1,1,1,0,0,1,1,0,1,1,1,1,1,1,1,1,1,0,1,0,1,0,1,1,0,0,0,0,0,0,0,0,0,0,1,0,0,0,0,0,0,0,0,1,1,0,0,1,0,0,0,1,0,0,9,12,1,4,17,45.61
133,167,13.84,100,0,0,NA,Monolingual,M,18,EN,3,NA,3,55,NA,55,55,NA,3,NA,3,55,1,1,1,1,1,1,0,0,0,1,1,0,1,1,1,1,1,1,1,0,0,0,0,1,0,1,1,0,1,0,0,0,0,0,0,1,0,1,0,0,0,0,0,1,1,0,0,1,0,0,1,0,0,1,1,0,1,0,NA,NA,NA,NA,NA,NA,NA,NA,NA,NA,NA,NA,NA,NA,NA,NA,NA,NA,NA,NA,NA,NA,NA,NA,NA,NA,NA,NA,NA,NA,NA,NA,NA,NA,NA,NA,NA,NA,NA,NA,NA,NA,NA,NA,NA,NA,NA,NA,NA,NA,NA,NA,NA,NA,NA,NA,NA,8,11,2,7,20,49.12
134,168,15.23,95,6,0,NA,Monolingual,F,16,EN,5,NA,5,82,NA,82,82,NA,5,NA,5,82,1,1,1,1,1,1,1,0,1,1,1,1,1,1,0,1,0,1,0,0,0,0,0,1,0,1,0,1,1,0,0,0,0,0,0,0,0,1,0,0,0,0,1,0,0,0,0,1,0,0,0,0,0,0,1,0,1,0,NA,NA,NA,NA,NA,NA,NA,NA,NA,NA,NA,NA,NA,NA,NA,NA,NA,NA,NA,NA,NA,NA,NA,NA,NA,NA,NA,NA,NA,NA,NA,NA,NA,NA,NA,NA,NA,NA,NA,NA,NA,NA,NA,NA,NA,NA,NA,NA,NA,NA,NA,NA,NA,NA,NA,NA,NA,11,8,1,4,13,42.11
135,169,13.97,99,1,0,NA,Monolingual,F,16,EN,4,NA,4,53,NA,53,53,NA,4,NA,4,53,1,1,1,1,1,0,0,0,1,1,1,0,1,1,1,1,1,1,1,0,1,0,0,1,0,1,1,1,1,1,1,0,0,1,0,0,1,1,0,0,0,0,1,0,0,0,0,1,0,0,0,0,0,1,0,1,1,0,NA,NA,NA,NA,NA,NA,NA,NA,NA,NA,NA,NA,NA,NA,NA,NA,NA,NA,NA,NA,NA,NA,NA,NA,NA,NA,NA,NA,NA,NA,NA,NA,NA,NA,NA,NA,NA,NA,NA,NA,NA,NA,NA,NA,NA,NA,NA,NA,NA,NA,NA,NA,NA,NA,NA,NA,NA,8,13,5,5,23,54.39
136,170,15.10,41,59,0,NA,Bilingual,F,21,FR,0,1,1,188,86,86,86,188,1,0,1,274,1,1,1,1,1,1,0,0,1,1,1,0,1,1,1,1,1,1,0,0,1,0,0,1,0,1,1,0,1,0,0,0,0,0,0,1,0,1,0,0,0,0,0,0,0,0,0,1,0,0,1,0,0,1,0,1,1,1,1,1,1,1,1,1,0,0,1,1,0,0,1,1,1,1,1,1,1,0,0,0,0,1,1,1,1,0,1,0,0,0,0,0,0,1,0,0,0,0,1,0,1,0,0,0,1,1,0,0,1,0,0,1,1,1,1,8,12,2,8,22,52.63
137,171,15.10,41,59,0,NA,Bilingual,F,21,FR,0,1,1,188,86,86,86,188,1,0,1,274,1,1,1,1,1,1,0,0,1,1,1,0,1,1,1,1,1,1,0,0,1,0,0,1,0,1,1,0,1,0,0,0,0,0,0,1,0,1,0,0,0,0,0,0,0,0,0,1,0,0,1,0,0,1,0,1,1,1,1,1,1,1,1,1,0,0,1,1,0,0,1,1,1,1,1,1,1,0,0,0,0,1,1,1,1,0,1,0,0,0,0,0,0,1,0,0,0,0,1,0,1,0,0,0,1,1,0,0,1,0,0,1,1,1,1,8,12,2,8,22,52.63
138,173,13.82,67,34,0,NA,Bilingual,M,16,EN,1,3,3,217,131,131,217,131,1,3,4,348,1,1,1,1,1,1,0,0,1,0,0,0,1,1,1,1,1,0,0,1,0,0,0,1,0,1,1,0,0,0,0,0,0,0,0,0,0,0,0,0,0,0,0,0,0,0,0,1,0,0,1,0,0,0,0,1,0,1,1,1,0,1,1,1,0,0,1,0,0,0,1,1,1,1,1,0,0,1,0,0,0,1,0,1,1,0,0,0,0,0,0,0,0,0,0,0,0,0,0,0,0,0,0,0,0,1,0,0,1,0,0,0,1,0,0,7,9,0,3,12,33.33
139,174,15.26,45,55,0,NA,Bilingual,F,18,FR,1,2,2,110,131,131,131,110,2,1,3,241,1,1,1,1,1,1,0,0,1,1,1,1,1,1,1,1,1,1,1,1,1,0,0,1,1,1,0,0,1,0,0,0,0,1,0,0,1,1,1,1,1,0,0,1,0,0,1,1,0,0,1,0,0,1,1,0,1,1,1,1,1,1,1,1,0,0,1,1,1,1,1,1,1,1,1,1,1,1,0,0,0,1,1,1,0,0,1,0,0,0,0,1,0,0,1,1,1,1,1,0,0,0,1,0,1,1,0,0,1,1,0,0,1,0,1,10,12,6,7,25,61.40
140,175,15.04,93,7,0,NA,Monolingual,M,21,EN,0,NA,0,147,NA,147,147,NA,0,NA,0,147,1,1,1,1,1,0,0,0,1,0,0,1,0,1,0,0,0,1,0,0,1,0,0,0,0,1,1,1,0,0,0,0,0,0,0,0,0,0,0,0,0,0,1,0,1,0,1,1,1,0,1,0,0,0,1,0,1,0,NA,NA,NA,NA,NA,NA,NA,NA,NA,NA,NA,NA,NA,NA,NA,NA,NA,NA,NA,NA,NA,NA,NA,NA,NA,NA,NA,NA,NA,NA,NA,NA,NA,NA,NA,NA,NA,NA,NA,NA,NA,NA,NA,NA,NA,NA,NA,NA,NA,NA,NA,NA,NA,NA,NA,NA,NA,7,6,0,8,14,36.84
141,176,15.02,99,1,0,NA,Monolingual,M,13,EN,11,NA,11,77,NA,77,77,NA,11,NA,11,77,1,1,1,1,1,1,0,0,1,0,1,0,0,1,0,0,0,1,0,0,0,1,0,1,0,1,1,0,0,0,0,0,0,0,0,0,0,0,0,0,0,0,0,1,0,0,0,1,0,0,0,1,0,0,0,0,0,0,NA,NA,NA,NA,NA,NA,NA,NA,NA,NA,NA,NA,NA,NA,NA,NA,NA,NA,NA,NA,NA,NA,NA,NA,NA,NA,NA,NA,NA,NA,NA,NA,NA,NA,NA,NA,NA,NA,NA,NA,NA,NA,NA,NA,NA,NA,NA,NA,NA,NA,NA,NA,NA,NA,NA,NA,NA,8,6,0,3,9,29.82
142,177,14.75,100,0,0,NA,Monolingual,F,18,EN,7,NA,7,106,NA,106,106,NA,7,NA,7,106,1,1,1,1,1,1,0,0,1,1,1,0,1,1,1,1,1,1,1,1,0,1,0,1,1,1,1,0,1,1,1,1,1,1,0,1,1,1,1,1,1,0,1,1,1,0,1,1,0,1,1,1,1,1,1,0,1,0,NA,NA,NA,NA,NA,NA,NA,NA,NA,NA,NA,NA,NA,NA,NA,NA,NA,NA,NA,NA,NA,NA,NA,NA,NA,NA,NA,NA,NA,NA,NA,NA,NA,NA,NA,NA,NA,NA,NA,NA,NA,NA,NA,NA,NA,NA,NA,NA,NA,NA,NA,NA,NA,NA,NA,NA,NA,9,14,11,12,37,80.70
143,178,14.18,56,44,0,NA,Bilingual,M,16,EN,13,15,15,113,139,139,113,139,13,15,28,252,1,1,1,1,1,0,0,0,1,0,1,0,1,1,1,0,1,1,1,0,0,1,0,1,1,1,1,0,0,0,0,0,0,0,0,0,0,1,0,0,0,0,0,0,1,0,0,1,0,0,1,0,0,0,1,0,1,1,1,1,1,1,1,0,0,0,1,0,1,0,1,1,1,0,0,1,1,0,0,1,0,1,1,1,1,0,0,0,0,0,0,0,0,0,0,0,0,0,0,0,0,0,1,0,0,1,0,0,1,0,0,0,1,0,1,7,11,1,5,17,42.11
144,179,14.44,99,1,0,NA,Monolingual,F,16,EN,28,NA,28,296,NA,296,296,NA,28,NA,28,296,1,1,1,1,1,1,0,0,1,1,1,0,1,1,1,1,0,1,1,1,1,0,0,1,0,1,1,0,0,0,0,0,0,0,0,0,0,1,0,0,1,0,0,0,0,0,1,1,0,0,0,0,0,1,1,0,1,0,NA,NA,NA,NA,NA,NA,NA,NA,NA,NA,NA,NA,NA,NA,NA,NA,NA,NA,NA,NA,NA,NA,NA,NA,NA,NA,NA,NA,NA,NA,NA,NA,NA,NA,NA,NA,NA,NA,NA,NA,NA,NA,NA,NA,NA,NA,NA,NA,NA,NA,NA,NA,NA,NA,NA,NA,NA,9,11,2,5,18,47.37
145,180,14.88,35,65,0,NA,Bilingual,F,16,FR,18,0,0,302,276,276,276,302,0,18,18,578,1,1,1,1,1,1,1,0,0,1,1,0,1,1,1,1,1,1,0,1,0,0,1,1,1,1,1,0,1,0,0,0,0,0,0,1,0,0,0,0,0,0,1,1,0,0,0,1,1,0,1,0,0,1,1,0,1,1,1,1,1,1,1,1,1,0,0,1,1,0,1,1,1,1,1,0,1,0,0,0,0,1,1,1,1,0,1,0,0,0,0,0,0,1,0,0,0,0,0,0,1,1,0,0,0,1,1,0,1,0,0,0,1,0,1,9,11,1,7,19,49.12
146,181,13.87,31,69,0,NA,Bilingual,M,18,FR,0,0,0,58,66,66,66,58,0,0,0,124,1,1,1,0,1,0,0,0,1,0,1,1,0,1,0,0,0,1,1,1,0,0,0,1,1,1,1,0,0,0,0,0,0,0,0,0,0,0,0,0,0,0,0,0,1,0,0,1,0,0,1,0,0,0,1,0,1,0,NA,NA,NA,NA,NA,NA,NA,NA,NA,NA,NA,NA,NA,NA,NA,NA,NA,NA,NA,NA,NA,NA,NA,NA,NA,NA,NA,NA,NA,NA,NA,NA,NA,NA,NA,NA,NA,NA,NA,NA,NA,NA,NA,NA,NA,NA,NA,NA,NA,NA,NA,NA,NA,NA,NA,NA,NA,7,8,0,5,13,35.09
147,182,14.00,38,63,0,NA,Bilingual,M,16,FR,18,13,13,114,79,79,79,114,13,18,31,193,1,1,1,1,1,0,1,0,1,1,1,0,1,1,0,1,0,1,0,0,0,0,0,0,0,1,1,0,0,0,0,0,0,0,0,0,0,1,0,0,0,0,0,0,0,0,0,1,1,0,0,0,0,0,1,0,0,1,1,1,1,1,1,0,1,0,1,0,0,0,1,1,0,1,0,1,0,0,0,0,0,1,0,1,1,0,0,0,0,0,0,0,0,0,0,0,0,0,0,0,0,1,1,0,1,1,1,0,1,0,0,0,1,0,1,7,7,0,8,15,38.60
148,183,14.65,0,100,0,NA,Monolingual,F,16,FR,84,NA,84,291,NA,291,NA,291,NA,84,84,291,NA,NA,NA,NA,NA,NA,NA,NA,NA,NA,NA,NA,NA,NA,NA,NA,NA,NA,NA,NA,NA,NA,NA,NA,NA,NA,NA,NA,NA,NA,NA,NA,NA,NA,NA,NA,NA,NA,NA,NA,NA,NA,NA,NA,NA,NA,NA,NA,NA,NA,NA,NA,NA,NA,NA,NA,NA,0,1,1,1,1,1,1,0,0,1,1,0,0,1,0,1,1,0,1,1,0,1,1,0,1,1,1,1,1,0,1,0,1,1,0,0,1,0,1,1,0,0,1,0,0,1,0,1,1,1,1,0,1,0,0,0,1,0,8,12,7,7,26,59.65
149,184,13.94,4,96,0,NA,Monolingual,M,16,FR,8,NA,8,140,NA,140,NA,140,NA,8,8,140,NA,NA,NA,NA,NA,NA,NA,NA,NA,NA,NA,NA,NA,NA,NA,NA,NA,NA,NA,NA,NA,NA,NA,NA,NA,NA,NA,NA,NA,NA,NA,NA,NA,NA,NA,NA,NA,NA,NA,NA,NA,NA,NA,NA,NA,NA,NA,NA,NA,NA,NA,NA,NA,NA,NA,NA,NA,0,1,1,1,1,1,1,0,0,1,0,0,0,1,1,1,1,0,0,0,0,1,1,0,1,0,1,1,0,0,0,0,0,0,0,0,0,0,1,0,0,0,0,1,1,1,0,1,1,0,0,0,1,0,0,1,0,1,7,9,1,8,18,43.86
150,185,14.21,0,100,0,NA,Monolingual,F,18,FR,69,NA,69,396,NA,396,NA,396,NA,69,69,396,NA,NA,NA,NA,NA,NA,NA,NA,NA,NA,NA,NA,NA,NA,NA,NA,NA,NA,NA,NA,NA,NA,NA,NA,NA,NA,NA,NA,NA,NA,NA,NA,NA,NA,NA,NA,NA,NA,NA,NA,NA,NA,NA,NA,NA,NA,NA,NA,NA,NA,NA,NA,NA,NA,NA,NA,NA,0,1,1,1,1,1,1,0,0,1,0,1,0,0,1,1,1,0,1,0,1,0,1,0,1,1,1,1,1,1,0,1,0,1,1,0,1,1,1,1,0,0,0,1,0,1,0,1,1,0,0,1,0,0,1,1,0,1,8,12,7,8,27,61.40
